n,p0,phi0,delta,tau,gx,gy,UCL,ARL0,ARL1,desv,t
100,0.01,0.9,1.1,1,1,2,1,487.1444943534013,362.92682066779633,-0.254991435037117,1.9375
100,0.01,0.9,1.1,0.9,1,2,1,487.1444943534013,168.4344362024699,-0.654241322328733,1.984375
100,0.01,0.9,1.1,0.8,1,2,1,487.1444943534013,101.5170913288279,-0.791607844273034,1.96875
100,0.01,0.9,1.1,0.75,1,2,1,487.1444943534013,82.63102646542904,-0.830376762083481,1.875
100,0.01,0.9,1.1,0.5,1,2,1,487.1444943534013,37.57396362617512,-0.922868955593867,1.921875
100,0.01,0.9,1.2,1,1,2,1,487.1444943534013,280.0659770612157,-0.425086436760505,1.9375
100,0.01,0.9,1.2,0.9,1,2,1,487.1444943534013,130.5062165302787,-0.732099576115495,1.9375
100,0.01,0.9,1.2,0.8,1,2,1,487.1444943534013,79.0249270530231,-0.837779287318201,1.953125
100,0.01,0.9,1.2,0.75,1,2,1,487.1444943534013,64.4872048492325,-0.867622018524856,1.9375
100,0.01,0.9,1.2,0.5,1,2,1,487.1444943534013,29.757106628424058,-0.938915235677822,1.90625
100,0.01,0.9,1.3,1,1,2,1,487.1444943534013,222.57266711892203,-0.543107497469825,1.953125
100,0.01,0.9,1.3,0.9,1,2,1,487.1444943534013,104.2199409116772,-0.786059491342479,1.90625
100,0.01,0.9,1.3,0.8,1,2,1,487.1444943534013,63.44455514044538,-0.86976234797715,1.96875
100,0.01,0.9,1.3,0.75,1,2,1,487.1444943534013,51.919260449613596,-0.893421231171816,1.75
100,0.01,0.9,1.3,0.5,1,2,1,487.1444943534013,24.33125841898588,-0.950053303073287,1.734375
100,0.01,0.9,1.5,1,1,2,1,487.1444943534013,150.89837919600046,-0.690238972327314,1.765625
100,0.01,0.9,1.5,0.9,1,2,1,487.1444943534013,71.44863963638585,-0.853331731212068,1.765625
100,0.01,0.9,1.5,0.8,1,2,1,487.1444943534013,44.0028368249251,-0.909671899539106,1.734375
100,0.01,0.9,1.5,0.75,1,2,1,487.1444943534013,36.22466691966122,-0.925638763571077,1.765625
100,0.01,0.9,1.5,0.5,1,2,1,487.1444943534013,17.509551595713184,-0.96405675975266,1.78125
100,0.01,0.9,1.7,1,1,2,1,487.1444943534013,110.09693047456123,-0.773995330439492,1.796875
100,0.01,0.9,1.7,0.9,1,2,1,487.1444943534013,52.747900437219805,-0.891720216386242,1.8125
100,0.01,0.9,1.7,0.8,1,2,1,487.1444943534013,32.86991558827769,-0.932525326737179,1.796875
100,0.01,0.9,1.7,0.75,1,2,1,487.1444943534013,27.21843758891408,-0.944126562232748,1.796875
100,0.01,0.9,1.7,0.5,1,2,1,487.1444943534013,13.538848119428632,-0.972207736562025,1.78125
100,0.01,0.9,2,1,3,2,2,514.6461765056459,74.14636484028382,-0.85592749305217,1.84375
100,0.01,0.9,2,0.9,1,2,1,487.1444943534013,36.93014833967665,-0.924190566109764,1.765625
100,0.01,0.9,2,0.8,1,2,1,487.1444943534013,23.390115979578482,-0.951985260532145,1.734375
100,0.01,0.9,2,0.75,1,2,1,487.1444943534013,19.521289939277573,-0.959927105477834,1.765625
100,0.01,0.9,2,0.5,1,2,1,487.1444943534013,10.071322146563958,-0.979325801146676,1.875
100,0.01,0.8,1.1,1,3,8,1,751.0747134379602,506.3497633284451,-0.32583303063062,2.09375
100,0.01,0.8,1.1,0.9,3,8,1,751.0747134379602,289.08946072158403,-0.615098930173924,2.125
100,0.01,0.8,1.1,0.8,3,8,1,751.0747134379602,182.9377679822378,-0.75643199709805,2.140625
100,0.01,0.8,1.1,0.75,3,8,1,751.0747134379602,149.36896215000488,-0.8011263600311,2.125
100,0.01,0.8,1.1,0.5,1,3,1,751.0747134379562,64.3258956870505,-0.914354864388116,2.078125
100,0.01,0.8,1.2,1,3,8,1,751.0747134379602,358.3678882283443,-0.522859867578345,2.140625
100,0.01,0.8,1.2,0.9,3,8,1,751.0747134379602,205.80801893052455,-0.725981962582042,2.09375
100,0.01,0.8,1.2,0.8,3,8,1,751.0747134379602,131.2036435371733,-0.825312127822006,2.09375
100,0.01,0.8,1.2,0.75,3,8,1,751.0747134379602,107.58391721023742,-0.856760032942949,2.0625
100,0.01,0.8,1.2,0.5,1,3,1,751.0747134379562,47.569117220415066,-0.93666526595913,2.15625
100,0.01,0.8,1.3,1,1,3,1,751.0747134379562,264.21711815021723,-0.648214600461258,2.203125
100,0.01,0.8,1.3,0.9,3,8,1,751.0747134379602,152.89076251189684,-0.796437345344704,2.15625
100,0.01,0.8,1.3,0.8,1,3,1,751.0747134379562,98.33584831351126,-0.869073147379186,2.140625
100,0.01,0.8,1.3,0.75,1,3,1,751.0747134379562,81.02749172849495,-0.892117934103251,2.203125
100,0.01,0.8,1.3,0.5,1,3,1,751.0747134379562,36.85346330644739,-0.950932360460179,2.078125
100,0.01,0.8,1.5,1,1,3,1,751.0747134379562,158.57512675868168,-0.788869038031086,2.15625
100,0.01,0.8,1.5,0.9,3,8,1,751.0747134379602,93.46300870508439,-0.875560970123374,2.109375
100,0.01,0.8,1.5,0.8,1,3,1,751.0747134379562,61.33251305089774,-0.918340330258017,2.1875
100,0.01,0.8,1.5,0.75,1,3,1,751.0747134379562,51.074850400074325,-0.931997643528318,2.125
100,0.01,0.8,1.5,0.5,3,8,1,751.0747134379602,24.58117802427974,-0.96727199360532,2.109375
100,0.01,0.8,1.7,1,3,8,1,751.0747134379602,105.45808898725629,-0.859590414774405,2.21875
100,0.01,0.8,1.7,0.9,3,8,1,751.0747134379602,63.43026851982207,-0.9155473252062,2.1875
100,0.01,0.8,1.7,0.8,3,8,1,751.0747134379602,42.497259238331566,-0.943418066834116,2.09375
100,0.01,0.8,1.7,0.75,3,8,1,751.0747134379602,35.76164326094905,-0.952386037472551,2.109375
100,0.01,0.8,1.7,0.5,1,3,1,751.0747134379562,18.117717301723967,-0.975877609806896,2.140625
100,0.01,0.8,2,1,3,8,1,751.0747134379602,65.65495695119185,-0.912585318375766,2.109375
100,0.01,0.8,2,0.9,1,3,1,751.0747134379562,40.686122252122225,-0.94582946073915,2.09375
100,0.01,0.8,2,0.8,1,3,1,751.0747134379562,28.052503170852187,-0.962650182905978,2.078125
100,0.01,0.8,2,0.75,1,3,1,751.0747134379562,23.93518694248475,-0.968132082582138,2.078125
100,0.01,0.8,2,0.5,1,3,1,751.0747134379562,12.912238932403906,-0.982808316268165,2.203125
100,0.01,0.7,1.1,1,3,8,1,377.69094310444217,255.86182798113066,-0.322562977343151,2.15625
100,0.01,0.7,1.1,0.9,1,3,1,377.6909431044404,173.65382718900798,-0.540222421640148,2.09375
100,0.01,0.7,1.1,0.8,1,3,1,377.6909431044404,123.62654233344622,-0.672678033216008,2.140625
100,0.01,0.7,1.1,0.75,3,8,1,377.69094310444217,105.77979596310217,-0.719930281902865,2.21875
100,0.01,0.7,1.1,0.5,3,8,1,377.69094310444217,53.873674335164154,-0.857360428364133,2.125
100,0.01,0.7,1.2,1,1,3,1,377.6909431044404,182.46435972630434,-0.516895061802293,2.203125
100,0.01,0.7,1.2,0.9,3,8,1,377.69094310444217,124.67326563002074,-0.669906658059457,2.109375
100,0.01,0.7,1.2,0.8,1,3,1,377.6909431044404,89.45355937843925,-0.763156726388053,2.0625
100,0.01,0.7,1.2,0.75,1,3,1,377.6909431044404,76.87081678632791,-0.796471643840632,2.09375
100,0.01,0.7,1.2,0.5,1,3,1,377.6909431044404,40.15180418296677,-0.893691376730037,2.140625
100,0.01,0.7,1.3,1,1,3,1,377.6909431044404,135.83386762881682,-0.640357095904056,2.0625
100,0.01,0.7,1.3,0.9,1,3,1,377.6909431044404,93.55290326504995,-0.752303027189136,2.109375
100,0.01,0.7,1.3,0.8,3,8,1,377.69094310444217,67.72107675258721,-0.820697112311055,2.0625
100,0.01,0.7,1.3,0.75,3,8,1,377.69094310444217,58.47138068895113,-0.845187231103971,2.171875
100,0.01,0.7,1.3,0.5,3,8,1,377.69094310444217,31.35246066026817,-0.916989111778626,2.09375
100,0.01,0.7,1.5,1,3,8,1,377.69094310444217,83.44157608660663,-0.779074458601638,2.15625
100,0.01,0.7,1.5,0.9,1,3,1,377.6909431044404,58.50212166656009,-0.845105839219494,2.109375
100,0.01,0.7,1.5,0.8,3,8,1,377.69094310444217,43.154619559309616,-0.885740920328671,2.078125
100,0.01,0.7,1.5,0.75,1,3,1,377.6909431044404,37.6251054691583,-0.900381234562052,2.09375
100,0.01,0.7,1.5,0.5,1,3,1,377.6909431044404,21.21908632729291,-0.943818916723599,2.109375
100,0.01,0.7,1.7,1,1,3,1,377.6909431044404,56.92181849131434,-0.849289956429868,2.15625
100,0.01,0.7,1.7,0.9,3,8,1,377.69094310444217,40.642086772456025,-0.892393271497597,2.109375
100,0.01,0.7,1.7,0.8,1,3,1,377.6909431044404,30.533444439016048,-0.919157594333489,2.0625
100,0.01,0.7,1.7,0.75,3,8,1,377.69094310444217,26.864607556771336,-0.928871454168435,2.125
100,0.01,0.7,1.7,0.5,3,8,1,377.69094310444217,15.83133411757282,-0.958083892646599,2.0625
100,0.01,0.7,2,1,3,8,1,377.69094310444217,36.778562699662444,-0.902622598261531,2.125
100,0.01,0.7,2,0.9,3,8,1,377.69094310444217,26.921777981958215,-0.928720085897019,2.265625
100,0.01,0.7,2,0.8,3,8,1,377.69094310444217,20.712703435743325,-0.945159650201049,2.109375
100,0.01,0.7,2,0.75,3,8,1,377.69094310444217,18.433381223732574,-0.951194537331981,2.046875
100,0.01,0.7,2,0.5,3,8,1,377.69094310444217,11.439592553550641,-0.969711763645899,2.0625
100,0.02,0.9,1.1,1,2,9,1,375.2499275955142,263.97967338021533,-0.296523053124311,3.171875
100,0.02,0.9,1.1,0.9,2,9,1,375.2499275955142,99.67142293577201,-0.734386563178211,3.234375
100,0.02,0.9,1.1,0.8,2,9,1,375.2499275955142,52.79964694619163,-0.859294717831085,3.375
100,0.02,0.9,1.1,0.75,2,9,1,375.2499275955142,41.128177794433135,-0.890397906115612,3.125
100,0.02,0.9,1.1,0.5,2,9,1,375.2499275955142,17.169030234581037,-0.954246412931789,2.9375
100,0.02,0.9,1.2,1,2,9,1,375.2499275955142,195.9629587344211,-0.477780155774869,3.0
100,0.02,0.9,1.2,0.9,2,9,1,375.2499275955142,76.6911013691813,-0.795626605818169,3.03125
100,0.02,0.9,1.2,0.8,2,9,1,375.2499275955142,41.907214361658596,-0.888321858900314,2.96875
100,0.02,0.9,1.2,0.75,2,9,1,375.2499275955142,33.099076897143945,-0.911794581522686,3.015625
100,0.02,0.9,1.2,0.5,2,9,1,375.2499275955142,14.576336907908619,-0.961155656974248,2.875
100,0.02,0.9,1.3,1,2,9,1,375.2499275955142,151.93276723244261,-0.595115798673217,3.046875
100,0.02,0.9,1.3,0.9,2,9,1,375.2499275955142,61.489544102647045,-0.83613709269272,3.046875
100,0.02,0.9,1.3,0.8,2,9,1,375.2499275955142,34.539337047433115,-0.907956445804665,3.265625
100,0.02,0.9,1.3,0.75,2,9,1,375.2499275955142,27.605558720205917,-0.926434206404532,2.984375
100,0.02,0.9,1.3,0.5,2,9,1,375.2499275955142,12.698360183332934,-0.966160259471067,2.921875
100,0.02,0.9,1.5,1,2,9,1,375.2499275955142,100.90243327901888,-0.731106055301407,3.0625
100,0.02,0.9,1.5,0.9,2,9,1,375.2499275955142,43.2939351904801,-0.884626399616132,2.65625
100,0.02,0.9,1.5,0.8,2,9,1,375.2499275955142,25.439185749768097,-0.932207353342412,2.796875
100,0.02,0.9,1.5,0.75,2,9,1,375.2499275955142,20.714745558192256,-0.944797469540031,2.78125
100,0.02,0.9,1.5,0.5,3,5,2,447.09406240308056,10.08999445694067,-0.977432054447987,3.03125
100,0.02,0.9,1.7,1,3,5,2,447.09406240308056,71.77208459433322,-0.839469832794096,3.015625
100,0.02,0.9,1.7,0.9,3,5,2,447.09406240308056,32.67391613806224,-0.92691936913131,3.3125
100,0.02,0.9,1.7,0.8,3,5,2,447.09406240308056,19.758396627605435,-0.955807069945402,3.078125
100,0.02,0.9,1.7,0.75,3,5,2,447.09406240308056,16.20969311140591,-0.963744333744267,3.0625
100,0.02,0.9,1.7,0.5,3,5,2,447.09406240308056,7.981032302582776,-0.982149097977983,3.0
100,0.02,0.9,2,1,4,3,3,526.336664071578,47.28659454207246,-0.910159033618752,3.328125
100,0.02,0.9,2,0.9,3,5,2,447.09406240308056,22.68605357712043,-0.949258879764169,3.4375
100,0.02,0.9,2,0.8,3,5,2,447.09406240308056,14.187920644166123,-0.968266363082731,3.015625
100,0.02,0.9,2,0.75,3,5,2,447.09406240308056,11.80805342702204,-0.973589330702458,3.640625
100,0.02,0.9,2,0.5,3,5,2,447.09406240308056,6.136392279487302,-0.986274941236068,3.0
100,0.02,0.8,1.1,1,1,6,1,416.0004399844849,261.8758409511308,-0.370491432747288,3.421875
100,0.02,0.8,1.1,0.9,1,6,1,416.0004399844849,117.28126381470307,-0.718074183241062,3.359375
100,0.02,0.8,1.1,0.8,1,6,1,416.0004399844849,64.30254674596254,-0.845426733807395,3.25
100,0.02,0.8,1.1,0.75,3,17,1,416.00043998448206,50.30686083158803,-0.879070173979949,3.609375
100,0.02,0.8,1.1,0.5,1,6,1,416.0004399844849,21.26755831006849,-0.948876115826075,3.6875
100,0.02,0.8,1.2,1,3,17,1,416.00043998448206,178.62396569429998,-0.570615921221229,3.578125
100,0.02,0.8,1.2,0.9,3,17,1,416.00043998448206,84.26552362439031,-0.797438859373481,3.625
100,0.02,0.8,1.2,0.8,3,17,1,416.00043998448206,48.50083929396994,-0.883411567315219,3.703125
100,0.02,0.8,1.2,0.75,3,17,1,416.00043998448206,38.78807846768242,-0.906759525376633,3.375
100,0.02,0.8,1.2,0.5,1,6,1,416.0004399844849,17.770839558382832,-0.957281680858208,3.546875
100,0.02,0.8,1.3,1,4,7,2,426.1902549392679,129.3990866426171,-0.696381873721968,3.375
100,0.02,0.8,1.3,0.9,1,6,1,416.0004399844849,64.28575530181563,-0.845467097813134,3.46875
100,0.02,0.8,1.3,0.8,3,17,1,416.00043998448206,38.5835639196328,-0.907251146366402,3.21875
100,0.02,0.8,1.3,0.75,3,17,1,416.00043998448206,31.41883256648508,-0.924474040057128,3.78125
100,0.02,0.8,1.3,0.5,1,6,1,416.0004399844849,15.315705271630804,-0.963183439728568,3.765625
100,0.02,0.8,1.5,1,1,2,2,426.19025493926534,75.01191249682768,-0.823994303887785,3.6875
100,0.02,0.8,1.5,0.9,3,17,1,416.00043998448206,42.49625127035998,-0.897845657874916,3.8125
100,0.02,0.8,1.5,0.8,1,6,1,416.0004399844849,27.221306766109766,-0.934564235636084,3.90625
100,0.02,0.8,1.5,0.75,1,6,1,416.0004399844849,22.76428579521157,-0.945278217022894,3.34375
100,0.02,0.8,1.5,0.5,4,7,2,426.1902549392679,12.04936308676648,-0.97172773673935,3.578125
100,0.02,0.8,1.7,1,4,7,2,426.1902549392679,49.472961238412886,-0.883918131245251,3.328125
100,0.02,0.8,1.7,0.9,1,2,2,426.19025493926534,29.851576299616447,-0.929957158912818,3.453125
100,0.02,0.8,1.7,0.8,4,7,2,426.1902549392679,20.2524907632791,-0.952480164601217,3.515625
100,0.02,0.8,1.7,0.75,1,2,2,426.19025493926534,17.186987122957998,-0.959672970172893,3.734375
100,0.02,0.8,1.7,0.5,1,2,2,426.19025493926534,9.163810645697565,-0.978498310227662,3.609375
100,0.02,0.8,2,1,1,2,2,426.19025493926534,31.18010172703436,-0.926839946794471,3.1875
100,0.02,0.8,2,0.9,4,7,2,426.1902549392679,19.667904434942017,-0.95385182038537,3.5625
100,0.02,0.8,2,0.8,1,2,2,426.19025493926534,13.848058255731315,-0.96750733247595,3.296875
100,0.02,0.8,2,0.75,4,7,2,426.1902549392679,11.945158928605213,-0.971972238242971,3.21875
100,0.02,0.8,2,0.5,1,2,2,426.19025493926534,6.788791305486264,-0.984070984198233,3.203125
100,0.02,0.7,1.1,1,5,12,2,473.00956652235396,275.6399278823081,-0.417263524057538,3.71875
100,0.02,0.7,1.1,0.9,1,9,1,511.78098132625513,132.19669035762274,-0.741692842873837,3.71875
100,0.02,0.7,1.1,0.8,1,9,1,511.78098132625513,74.56433698538137,-0.854304204911734,3.71875
100,0.02,0.7,1.1,0.75,1,9,1,511.78098132625513,59.229954469224396,-0.884266987968695,3.9375
100,0.02,0.7,1.1,0.5,1,9,1,511.78098132625513,27.274586721447335,-0.946706525414901,3.6875
100,0.02,0.7,1.2,1,5,12,2,473.00956652235396,174.87969237586984,-0.630282969408811,3.78125
100,0.02,0.7,1.2,0.9,1,9,1,511.78098132625513,89.70585401866572,-0.824718273457139,3.6875
100,0.02,0.7,1.2,0.8,1,9,1,511.78098132625513,54.5452619321581,-0.893420693768637,3.96875
100,0.02,0.7,1.2,0.75,1,9,1,511.78098132625513,44.72481942577368,-0.91260945393111,3.765625
100,0.02,0.7,1.2,0.5,1,9,1,511.78098132625513,22.74797085179229,-0.955551355595821,3.71875
100,0.02,0.7,1.3,1,2,5,2,473.00956652235544,118.96823942336061,-0.748486610327916,3.828125
100,0.02,0.7,1.3,0.9,1,9,1,511.78098132625513,66.3370766454358,-0.870379949498071,3.75
100,0.02,0.7,1.3,0.8,1,9,1,511.78098132625513,42.79431221225068,-0.916381589442125,3.59375
100,0.02,0.7,1.3,0.75,1,9,1,511.78098132625513,35.92570793744781,-0.929802573271972,3.53125
100,0.02,0.7,1.3,0.5,1,9,1,511.78098132625513,19.600555036011727,-0.961701282870618,3.59375
100,0.02,0.7,1.5,1,5,12,2,473.00956652235396,64.73178758844874,-0.863149094289217,3.640625
100,0.02,0.7,1.5,0.9,1,9,1,511.78098132625513,42.880850767913145,-0.916212496492563,3.78125
100,0.02,0.7,1.5,0.8,1,9,1,511.78098132625513,30.005726519708475,-0.941369985180086,3.546875
100,0.02,0.7,1.5,0.75,1,9,1,511.78098132625513,25.976307424043675,-0.949243312331131,3.75
100,0.02,0.7,1.5,0.5,2,5,2,473.00956652235544,14.226670371122538,-0.969923081100199,3.625
100,0.02,0.7,1.7,1,5,3,4,469.10450972104877,41.066271537208536,-0.91245816084431,3.65625
100,0.02,0.7,1.7,0.9,2,5,2,473.00956652235544,28.343245895719118,-0.940078916153634,3.640625
100,0.02,0.7,1.7,0.8,2,5,2,473.00956652235544,20.801309366529395,-0.956023491196036,3.578125
100,0.02,0.7,1.7,0.75,5,12,2,473.00956652235396,18.16130739352988,-0.961604777833448,3.578125
100,0.02,0.7,1.7,0.5,5,12,2,473.00956652235396,10.563059158832512,-0.97766840269956,3.640625
100,0.02,0.7,2,1,5,3,4,469.10450972104877,23.49060539944471,-0.949924579890708,3.640625
100,0.02,0.7,2,0.9,5,3,4,469.10450972104877,17.889220789565865,-0.961865169873972,3.640625
100,0.02,0.7,2,0.8,5,12,2,473.00956652235396,13.890144978503427,-0.97063453688553,3.6875
100,0.02,0.7,2,0.75,5,12,2,473.00956652235396,12.336177929777993,-0.973919813037872,3.671875
100,0.02,0.7,2,0.5,5,12,2,473.00956652235396,7.68166486175847,-0.983760022195247,3.8125
100,0.05,0.9,1.1,1,7,10,4,381.0213300590989,226.9612143964845,-0.404334622522887,6.8125
100,0.05,0.9,1.1,0.9,1,14,1,434.36065931548825,64.51285530848264,-0.851476292972414,6.90625
100,0.05,0.9,1.1,0.8,3,17,2,469.96303305080346,31.93448890846821,-0.932048934357319,6.421875
100,0.05,0.9,1.1,0.75,3,17,2,469.96303305080346,24.317512008784018,-0.948256542964826,6.3125
100,0.05,0.9,1.1,0.5,3,8,3,406.50309752761393,10.375914747349377,-0.974475188970375,5.921875
100,0.05,0.9,1.2,1,7,10,4,381.0213300590989,148.0300824642483,-0.611491350257772,6.0625
100,0.05,0.9,1.2,0.9,3,17,2,469.96303305080346,52.55625858086046,-0.888169377408926,6.0
100,0.05,0.9,1.2,0.8,3,17,2,469.96303305080346,25.890207427656257,-0.9449101192926,6.15625
100,0.05,0.9,1.2,0.75,3,17,2,469.96303305080346,20.175445584832946,-0.957070143466684,5.796875
100,0.05,0.9,1.2,0.5,3,8,3,406.50309752761393,8.699678261711183,-0.978598740539436,6.03125
100,0.05,0.9,1.3,1,7,10,4,381.0213300590989,103.74606263008528,-0.727715866683911,5.984375
100,0.05,0.9,1.3,0.9,5,13,3,406.50309752761405,40.43662781092388,-0.900525658828031,6.25
100,0.05,0.9,1.3,0.8,5,13,3,406.50309752761405,21.302091751703237,-0.947596729566725,5.9375
100,0.05,0.9,1.3,0.75,5,13,3,406.50309752761405,16.752103900858714,-0.958789726320054,6.015625
100,0.05,0.9,1.3,0.5,3,8,3,406.50309752761393,7.521844263828857,-0.981496219070463,5.84375
100,0.05,0.9,1.5,1,2,3,4,381.02133005909945,59.846877116573076,-0.84293037582098,6.125
100,0.05,0.9,1.5,0.9,7,10,4,381.0213300590989,25.75785116147213,-0.932397876104529,5.6875
100,0.05,0.9,1.5,0.8,7,10,4,381.0213300590989,15.124891353129119,-0.960304344770453,6.1875
100,0.05,0.9,1.5,0.75,2,3,4,381.02133005909945,12.29628227156127,-0.967728099973683,5.6875
100,0.05,0.9,1.5,0.5,2,3,4,381.02133005909945,5.939157460405046,-0.984412532864016,5.796875
100,0.05,0.9,1.7,1,7,6,5,456.65045629601786,39.21199360333797,-0.9141312724805,5.9375
100,0.05,0.9,1.7,0.9,1,1,5,456.65045629601764,18.235693222946654,-0.960066407530039,5.984375
100,0.05,0.9,1.7,0.8,7,6,5,456.65045629601786,11.257517378914912,-0.975347627000689,6.015625
100,0.05,0.9,1.7,0.75,1,1,5,456.65045629601764,9.325157475535672,-0.979579222254207,6.0
100,0.05,0.9,1.7,0.5,1,1,5,456.65045629601764,4.775565196642833,-0.989542186740864,5.96875
100,0.05,0.9,2,1,7,6,5,456.65045629601786,24.50705967854895,-0.946333000787231,6.109375
100,0.05,0.9,2,0.9,1,1,5,456.65045629601764,12.11777707944935,-0.973463779763324,6.03125
100,0.05,0.9,2,0.8,7,6,5,456.65045629601786,7.828842475245517,-0.982855940758831,6.265625
100,0.05,0.9,2,0.75,1,1,5,456.65045629601764,6.606627362227831,-0.985532419225384,6.015625
100,0.05,0.9,2,0.5,1,1,5,456.65045629601764,3.615686043376596,-0.992082158260162,6.421875
100,0.05,0.8,1.1,1,4,3,6,372.8325310526024,197.51319120691247,-0.470236165687361,7.3125
100,0.05,0.8,1.1,0.9,2,19,2,438.8071873308454,79.58841245108073,-0.818625549560395,7.296875
100,0.05,0.8,1.1,0.8,2,19,2,438.8071873308454,41.267452127845644,-0.905955386968784,7.4375
100,0.05,0.8,1.1,0.75,2,19,2,438.8071873308454,32.62481656560969,-0.925651134467376,7.46875
100,0.05,0.8,1.1,0.5,2,9,3,399.9458176484295,13.893338486844526,-0.965261948309564,7.625
100,0.05,0.8,1.2,1,4,1,8,372.897051090001,116.71279346818393,-0.687010682634723,7.703125
100,0.05,0.8,1.2,0.9,5,22,3,399.94581764842945,56.87133052250205,-0.857802412194507,7.28125
100,0.05,0.8,1.2,0.8,2,9,3,399.9458176484295,31.45756811181824,-0.921345425495933,7.546875
100,0.05,0.8,1.2,0.75,5,22,3,399.94581764842945,25.01380026347894,-0.937457027527995,7.671875
100,0.05,0.8,1.2,0.5,2,9,3,399.9458176484295,11.572131041068664,-0.971065753083481,7.46875
100,0.05,0.8,1.3,1,4,1,8,372.897051090001,74.3808030608329,-0.800532605866918,7.09375
100,0.05,0.8,1.3,0.9,2,9,3,399.9458176484295,42.28078462867077,-0.8942837185365,7.453125
100,0.05,0.8,1.3,0.8,2,9,3,399.9458176484295,24.80249603202968,-0.937985359672313,7.640625
100,0.05,0.8,1.3,0.75,2,9,3,399.9458176484295,20.16510915820173,-0.94958039747292,7.40625
100,0.05,0.8,1.3,0.5,4,9,4,384.9459888392872,9.861206187816386,-0.974382883641545,7.34375
100,0.05,0.8,1.5,1,4,1,8,372.897051090001,36.6632437373885,-0.901679984783415,7.328125
100,0.05,0.8,1.5,0.9,4,3,6,372.8325310526024,23.61900310438088,-0.936649833002237,7.453125
100,0.05,0.8,1.5,0.8,4,3,6,372.8325310526024,16.172521858431168,-0.956622557015687,7.234375
100,0.05,0.8,1.5,0.75,4,3,6,372.8325310526024,13.77495952143909,-0.963053225311244,7.34375
100,0.05,0.8,1.5,0.5,7,10,5,384.45739340464877,7.19918724464967,-0.981274421124027,7.53125
100,0.05,0.8,1.7,1,4,1,8,372.897051090001,21.914418041227936,-0.941231988890309,7.3125
100,0.05,0.8,1.7,0.9,4,1,8,372.897051090001,15.194627827462508,-0.959252485952764,7.140625
100,0.05,0.8,1.7,0.8,4,3,6,372.8325310526024,10.851341665374418,-0.970894863614131,7.40625
100,0.05,0.8,1.7,0.75,4,3,6,372.8325310526024,9.389790777224016,-0.974814990658904,7.234375
100,0.05,0.8,1.7,0.5,4,3,6,372.8325310526024,5.380966763161366,-0.98556733569367,7.75
100,0.05,0.8,2,1,4,1,8,372.897051090001,12.861901275940358,-0.965508171120302,7.265625
100,0.05,0.8,2,0.9,4,1,8,372.897051090001,9.038129739129541,-0.975762399534374,7.21875
100,0.05,0.8,2,0.8,4,1,8,372.897051090001,6.919429909131587,-0.981444128107461,7.296875
100,0.05,0.8,2,0.75,4,1,8,372.897051090001,6.17966777950576,-0.983427952134665,7.484375
100,0.05,0.8,2,0.5,4,3,6,372.8325310526024,3.860819083888416,-0.989644629257569,7.265625
100,0.05,0.7,1.1,1,3,2,7,396.93504539989334,193.92239736784293,-0.511450551884439,8.515625
100,0.05,0.7,1.1,0.9,1,19,2,385.1420654520219,81.47333710263973,-0.788459001467371,8.46875
100,0.05,0.7,1.1,0.8,1,19,2,385.1420654520219,47.56162459311442,-0.876508881113015,9.203125
100,0.05,0.7,1.1,0.75,1,7,3,417.4380254753674,37.60425818160237,-0.909916548357616,8.078125
100,0.05,0.7,1.1,0.5,1,7,3,417.4380254753674,16.75517376030336,-0.959861889100249,8.609375
100,0.05,0.7,1.2,1,3,2,7,396.93504539989334,107.25429666059617,-0.729793834271946,8.3125
100,0.05,0.7,1.2,0.9,1,7,3,417.4380254753674,56.42889395968486,-0.864820906299982,8.640625
100,0.05,0.7,1.2,0.8,1,7,3,417.4380254753674,33.76233642384684,-0.919120122357326,8.46875
100,0.05,0.7,1.2,0.75,1,7,3,417.4380254753674,27.545493733583797,-0.934012974255961,8.40625
100,0.05,0.7,1.2,0.5,1,7,3,417.4380254753674,13.616507072964815,-0.967380769738313,8.390625
100,0.05,0.7,1.3,1,8,5,7,396.93504539989357,65.63609112461671,-0.834642740959061,8.328125
100,0.05,0.7,1.3,0.9,1,7,3,417.4380254753674,40.614924500905325,-0.902704300944663,8.328125
100,0.05,0.7,1.3,0.8,1,7,3,417.4380254753674,25.910819436536265,-0.937928943087947,8.71875
100,0.05,0.7,1.3,0.75,1,7,3,417.4380254753674,21.657660462593743,-0.948117662644818,8.1875
100,0.05,0.7,1.3,0.5,4,15,4,438.3720527377331,11.03983593559269,-0.97481628706336,8.328125
100,0.05,0.7,1.5,1,9,2,9,402.501062158307,30.42167481479064,-0.924418398670397,8.328125
100,0.05,0.7,1.5,0.9,8,5,7,396.93504539989357,21.893919900382926,-0.944842562645669,8.484375
100,0.05,0.7,1.5,0.8,1,2,5,429.09991206725266,16.16918254085511,-0.962318373679086,8.15625
100,0.05,0.7,1.5,0.75,1,2,5,429.09991206725266,13.896354246053182,-0.967615108147877,8.390625
100,0.05,0.7,1.5,0.5,1,2,5,429.09991206725266,7.727130310363222,-0.981992235157689,8.421875
100,0.05,0.7,1.7,1,9,2,9,402.501062158307,17.079170119242775,-0.957567391182373,8.578125
100,0.05,0.7,1.7,0.9,9,2,9,402.501062158307,13.127889971543912,-0.967384210364193,8.375
100,0.05,0.7,1.7,0.8,3,2,7,396.93504539989334,10.247853035690715,-0.974182544085099,9.25
100,0.05,0.7,1.7,0.75,3,2,7,396.93504539989334,9.13881611602092,-0.976976545099931,8.625
100,0.05,0.7,1.7,0.5,3,2,7,396.93504539989334,5.7349814899547225,-0.985551838880396,8.265625
100,0.05,0.7,2,1,9,2,9,402.501062158307,9.368612548910555,-0.976724005400945,9.0625
100,0.05,0.7,2,0.9,9,2,9,402.501062158307,7.368056069729721,-0.981694318941121,9.109375
100,0.05,0.7,2,0.8,9,2,9,402.501062158307,6.029408196778007,-0.985020143389319,8.359375
100,0.05,0.7,2,0.75,9,2,9,402.501062158307,5.515673956543161,-0.986296498381975,9.15625
100,0.05,0.7,2,0.5,9,2,9,402.501062158307,3.822307003828135,-0.990503610143704,8.5
200,0.01,0.9,1.1,1,3,5,2,436.70953589578676,298.4308238693951,-0.316637720636788,5.328125
200,0.01,0.9,1.1,0.9,3,5,2,436.70953589578676,121.61843743584866,-0.721511834665156,5.40625
200,0.01,0.9,1.1,0.8,3,5,2,436.70953589578676,66.64335129513987,-0.847396619910211,5.359375
200,0.01,0.9,1.1,0.75,3,5,2,436.70953589578676,52.24141955248747,-0.88037490538115,4.96875
200,0.01,0.9,1.1,0.5,1,5,1,844.2427961990396,20.647923228310162,-0.975542671703837,4.921875
200,0.01,0.9,1.2,1,3,5,2,436.70953589578676,215.0888294740476,-0.507478514219174,4.953125
200,0.01,0.9,1.2,0.9,3,5,2,436.70953589578676,89.43372927418186,-0.795210037970126,4.71875
200,0.01,0.9,1.2,0.8,3,5,2,436.70953589578676,49.953603445746104,-0.885613664599101,4.734375
200,0.01,0.9,1.2,0.75,3,5,2,436.70953589578676,39.523539929187336,-0.909496961525889,4.671875
200,0.01,0.9,1.2,0.5,3,5,2,436.70953589578676,16.721523617351668,-0.961710193520157,4.59375
200,0.01,0.9,1.3,1,3,5,2,436.70953589578676,161.98795158837365,-0.629071640819335,4.703125
200,0.01,0.9,1.3,0.9,3,5,2,436.70953589578676,68.73794721540247,-0.842600306232365,4.734375
200,0.01,0.9,1.3,0.8,3,5,2,436.70953589578676,39.116430550183686,-0.910429181561269,4.796875
200,0.01,0.9,1.3,0.75,3,5,2,436.70953589578676,31.222660987269627,-0.928504741891598,4.765625
200,0.01,0.9,1.3,0.5,3,5,2,436.70953589578676,13.735568478500634,-0.968547587470637,4.640625
200,0.01,0.9,1.5,1,3,5,2,436.70953589578676,101.93874091545449,-0.766575417900239,4.75
200,0.01,0.9,1.5,0.9,3,5,2,436.70953589578676,44.97271405720818,-0.897019161798335,4.546875
200,0.01,0.9,1.5,0.8,3,5,2,436.70953589578676,26.47902782342415,-0.939366957561139,4.5
200,0.01,0.9,1.5,0.75,3,5,2,436.70953589578676,21.46643264618404,-0.95084505630922,4.46875
200,0.01,0.9,1.5,0.5,3,5,2,436.70953589578676,10.077723968074777,-0.976923508328245,4.984375
200,0.01,0.9,1.7,1,3,5,2,436.70953589578676,71.21116501428098,-0.836937004665558,4.84375
200,0.01,0.9,1.7,0.9,3,5,2,436.70953589578676,32.512722601752046,-0.925550692326739,4.9375
200,0.01,0.9,1.7,0.8,3,5,2,436.70953589578676,19.698149639597066,-0.954894161861632,4.484375
200,0.01,0.9,1.7,0.75,3,5,2,436.70953589578676,16.171524553596623,-0.962969609719134,4.8125
200,0.01,0.9,1.7,0.5,3,5,2,436.70953589578676,7.9785111239580315,-0.981730394076254,4.46875
200,0.01,0.9,2,1,4,3,3,511.60971366085016,47.01613187383174,-0.908101565278334,4.84375
200,0.01,0.9,2,0.9,3,5,2,436.70953589578676,22.63125391155294,-0.948177788549702,4.625
200,0.01,0.9,2,0.8,3,5,2,436.70953589578676,14.17075909566004,-0.967551065569033,4.984375
200,0.01,0.9,2,0.75,3,5,2,436.70953589578676,11.798973632793004,-0.972982102145787,4.765625
200,0.01,0.9,2,0.5,3,5,2,436.70953589578676,6.139487681962283,-0.985941484723092,4.53125
200,0.01,0.8,1.1,1,3,17,1,408.6054699634782,258.0408626964401,-0.368484071641272,5.515625
200,0.01,0.8,1.1,0.9,3,17,1,408.6054699634782,116.23763788840124,-0.71552598672066,5.359375
200,0.01,0.8,1.1,0.8,1,6,1,408.6054699634758,63.96799423999346,-0.843448022744993,5.296875
200,0.01,0.8,1.1,0.75,3,17,1,408.6054699634782,50.11065801901176,-0.877361754301794,5.34375
200,0.01,0.8,1.1,0.5,1,6,1,408.6054699634758,21.25324489569345,-0.947985902152525,5.28125
200,0.01,0.8,1.2,1,3,17,1,408.6054699634782,176.47315652727335,-0.568108678175437,5.09375
200,0.01,0.8,1.2,0.9,1,6,1,408.6054699634758,83.68342810980036,-0.795197484465196,5.234375
200,0.01,0.8,1.2,0.8,1,6,1,408.6054699634758,48.31634960648556,-0.881753052373957,5.515625
200,0.01,0.8,1.2,0.75,1,6,1,408.6054699634758,38.68099792840494,-0.905334116227414,5.3125
200,0.01,0.8,1.2,0.5,1,6,1,408.6054699634758,17.765048733302265,-0.956522733934789,5.46875
200,0.01,0.8,1.3,1,1,2,2,414.61201406618386,127.12761212645768,-0.693381745310051,5.296875
200,0.01,0.8,1.3,0.9,1,6,1,408.6054699634758,63.940210861011415,-0.843516018356957,5.09375
200,0.01,0.8,1.3,0.8,1,6,1,408.6054699634758,38.475958967326825,-0.905835918029276,5.265625
200,0.01,0.8,1.3,0.75,3,17,1,408.6054699634782,31.357452714818265,-0.923257383907217,5.296875
200,0.01,0.8,1.3,0.5,3,17,1,408.6054699634782,15.314373322505801,-0.96252039082131,5.1875
200,0.01,0.8,1.5,1,1,2,2,414.61201406618386,74.04064335225603,-0.821421857446617,5.0625
200,0.01,0.8,1.5,0.9,1,6,1,408.6054699634758,42.35689033849544,-0.896337926307541,5.015625
200,0.01,0.8,1.5,0.8,3,17,1,408.6054699634782,27.180931154933603,-0.93347878784549,5.234375
200,0.01,0.8,1.5,0.75,1,6,1,408.6054699634758,22.742983886411363,-0.944339991609891,5.359375
200,0.01,0.8,1.5,0.5,1,2,2,414.61201406618386,12.022160151924819,-0.971003830704226,5.15625
200,0.01,0.8,1.7,1,1,2,2,414.61201406618386,49.005389599919205,-0.881804221929525,5.328125
200,0.01,0.8,1.7,0.9,4,7,2,414.61201406618426,29.660437287074984,-0.92846218565596,5.140625
200,0.01,0.8,1.7,0.8,1,2,2,414.61201406618386,20.16510111776506,-0.951363924744963,5.796875
200,0.01,0.8,1.7,0.75,1,2,2,414.61201406618386,17.126511561448588,-0.958692678985624,5.421875
200,0.01,0.8,1.7,0.5,1,2,2,414.61201406618386,9.154228549481829,-0.977920976144168,5.109375
200,0.01,0.8,2,1,1,2,2,414.61201406618386,31.00172959769975,-0.925227131520721,5.609375
200,0.01,0.8,2,0.9,1,2,2,414.61201406618386,19.597928019043326,-0.952731885825395,5.734375
200,0.01,0.8,2,0.8,4,7,2,414.61201406618426,13.818724645329093,-0.966670708574491,5.34375
200,0.01,0.8,2,0.75,1,2,2,414.61201406618386,11.926267026953921,-0.971235114704008,5.4375
200,0.01,0.8,2,0.5,1,2,2,414.61201406618386,6.788972573533941,-0.983625721534325,5.6875
200,0.01,0.7,1.1,1,5,12,2,459.0770811153798,268.7604345562205,-0.414563598114642,6.171875
200,0.01,0.7,1.1,0.9,1,9,1,503.5818161078295,131.28705241909415,-0.739293500639462,6.09375
200,0.01,0.7,1.1,0.8,1,9,1,503.5818161078295,74.29505837449821,-0.852466757142418,6.515625
200,0.01,0.7,1.1,0.75,1,9,1,503.5818161078295,59.07931295725327,-0.882681798533005,6.796875
200,0.01,0.7,1.1,0.5,1,9,1,503.5818161078295,27.26597397550688,-0.945855920322451,6.140625
200,0.01,0.7,1.2,1,2,5,2,459.0770811153799,171.1962701755961,-0.627086000983418,7.125
200,0.01,0.7,1.2,0.9,1,9,1,503.5818161078295,89.27739729530651,-0.822715208453456,6.671875
200,0.01,0.7,1.2,0.8,1,9,1,503.5818161078295,54.41774807899152,-0.891938615854748,6.140625
200,0.01,0.7,1.2,0.75,1,9,1,503.5818161078295,44.653707468990014,-0.911327800089929,6.546875
200,0.01,0.7,1.2,0.5,1,9,1,503.5818161078295,22.74562533805338,-0.954832314014326,7.265625
200,0.01,0.7,1.3,1,2,5,2,459.0770811153799,116.86002571071602,-0.745445742081501,6.203125
200,0.01,0.7,1.3,0.9,1,9,1,503.5818161078295,66.1153813778489,-0.868709752292382,6.4375
200,0.01,0.7,1.3,0.8,1,9,1,503.5818161078295,42.72883120160752,-0.915150170568394,6.234375
200,0.01,0.7,1.3,0.75,1,9,1,503.5818161078295,35.88985538043216,-0.928730835323197,6.546875
200,0.01,0.7,1.3,0.5,1,9,1,503.5818161078295,19.601300351109604,-0.961076234835865,6.34375
200,0.01,0.7,1.5,1,2,5,2,459.0770811153799,63.92432793450687,-0.860754695531313,6.515625
200,0.01,0.7,1.5,0.9,5,12,2,459.0770811153798,42.491438755018464,-0.90744160294001,5.859375
200,0.01,0.7,1.5,0.8,1,9,1,503.5818161078295,29.986621972233994,-0.94045332652398,6.25
200,0.01,0.7,1.5,0.75,1,9,1,503.5818161078295,25.967332004996656,-0.948434730614982,6.90625
200,0.01,0.7,1.5,0.5,5,12,2,459.0770811153798,14.189901911073127,-0.969090371759363,6.421875
200,0.01,0.7,1.7,1,5,3,4,449.91285047407473,40.390938412365536,-0.910224972747932,6.625
200,0.01,0.7,1.7,0.9,2,5,2,459.0770811153799,28.16779804525836,-0.938642552190099,6.84375
200,0.01,0.7,1.7,0.8,2,5,2,459.0770811153799,20.711135780416324,-0.954885276062799,7.4375
200,0.01,0.7,1.7,0.75,2,5,2,459.0770811153799,18.095875520526604,-0.960582054158398,6.8125
200,0.01,0.7,1.7,0.5,2,5,2,459.0770811153799,10.55005099639244,-0.977018998703311,6.28125
200,0.01,0.7,2,1,5,3,4,449.91285047407473,23.253847366492817,-0.948314773979026,6.4375
200,0.01,0.7,2,0.9,5,3,4,449.91285047407473,17.733973882659765,-0.960583535535885,6.265625
200,0.01,0.7,2,0.8,5,12,2,459.0770811153798,13.86166239755631,-0.969805370453524,6.421875
200,0.01,0.7,2,0.75,5,12,2,459.0770811153798,12.316701677052995,-0.973170732794745,6.953125
200,0.01,0.7,2,0.5,5,12,2,459.0770811153798,7.680700901422687,-0.983269256477013,6.78125
200,0.02,0.9,1.1,1,3,2,5,374.9379432327163,229.08404966755086,-0.389008091065984,9.53125
200,0.02,0.9,1.1,0.9,1,10,1,421.1397865927775,70.04502395355593,-0.833677495730684,9.265625
200,0.02,0.9,1.1,0.8,1,10,1,421.1397865927775,34.10046551155507,-0.919028155027944,9.46875
200,0.02,0.9,1.1,0.75,1,10,1,421.1397865927775,26.632266169494766,-0.936761457792999,9.546875
200,0.02,0.9,1.1,0.5,4,15,2,519.8730176927892,11.703189419518708,-0.977488369233976,8.796875
200,0.02,0.9,1.2,1,3,2,5,374.9379432327163,151.28555942380774,-0.596505069293806,8.84375
200,0.02,0.9,1.2,0.9,1,10,1,421.1397865927775,55.623807420369936,-0.867920796867963,7.859375
200,0.02,0.9,1.2,0.8,1,10,1,421.1397865927775,28.805303965934137,-0.931601561089768,7.953125
200,0.02,0.9,1.2,0.75,1,10,1,421.1397865927775,22.91444342299558,-0.945589459479987,9.953125
200,0.02,0.9,1.2,0.5,4,15,2,519.8730176927892,10.00068391440153,-0.980763217989683,9.09375
200,0.02,0.9,1.3,1,3,2,5,374.9379432327163,106.46917337479587,-0.716035212502585,8.578125
200,0.02,0.9,1.3,0.9,1,10,1,421.1397865927775,46.13107599912059,-0.89046136824938,8.234375
200,0.02,0.9,1.3,0.8,1,10,1,421.1397865927775,25.029962381788604,-0.940566141745255,8.296875
200,0.02,0.9,1.3,0.75,1,4,2,519.8730176927896,19.586317044905343,-0.962324805523029,8.5
200,0.02,0.9,1.3,0.5,1,4,2,519.8730176927896,8.766501554047746,-0.983137225330613,8.0625
200,0.02,0.9,1.5,1,3,2,5,374.9379432327163,61.110233215216866,-0.837012406137601,8.765625
200,0.02,0.9,1.5,0.9,3,2,5,374.9379432327163,28.655207457507238,-0.923573466023625,8.125
200,0.02,0.9,1.5,0.8,3,2,5,374.9379432327163,17.638041744717526,-0.952957437189092,8.703125
200,0.02,0.9,1.5,0.75,5,9,3,485.11233583810014,14.423360712651371,-0.970267998467338,8.375
200,0.02,0.9,1.5,0.5,1,2,3,485.1123358381003,6.747287475764865,-0.986091288599973,8.140625
200,0.02,0.9,1.7,1,3,2,5,374.9379432327163,40.48577685137993,-0.892020059366861,9.078125
200,0.02,0.9,1.7,0.9,3,2,5,374.9379432327163,19.630116981930026,-0.94764435732303,9.171875
200,0.02,0.9,1.7,0.8,3,2,5,374.9379432327163,12.425898924329237,-0.966858785170705,8.515625
200,0.02,0.9,1.7,0.75,3,2,5,374.9379432327163,10.379876032069458,-0.972315749260866,8.28125
200,0.02,0.9,1.7,0.5,3,2,5,374.9379432327163,5.415612623153164,-0.985555976073107,8.1875
200,0.02,0.9,2,1,3,2,5,374.9379432327163,26.033408312719313,-0.930566087581696,8.609375
200,0.02,0.9,2,0.9,3,2,5,374.9379432327163,13.08743468897116,-0.965094397819193,8.046875
200,0.02,0.9,2,0.8,3,2,5,374.9379432327163,8.537289550856679,-0.977230126465067,7.640625
200,0.02,0.9,2,0.75,3,2,5,374.9379432327163,7.226368601583843,-0.980726494258548,8.234375
200,0.02,0.9,2,0.5,3,2,5,374.9379432327163,3.9733657285189357,-0.989402604350307,8.828125
200,0.02,0.8,1.1,1,1,20,1,374.9595038227313,221.0472922458445,-0.410476891524935,9.484375
200,0.02,0.8,1.1,0.9,1,20,1,374.9595038227313,78.3051818136109,-0.791163629631238,9.90625
200,0.02,0.8,1.1,0.8,3,20,2,436.16345282221295,45.092078632707896,-0.896616558904837,10.359375
200,0.02,0.8,1.1,0.75,3,20,2,436.16345282221295,35.16062044259974,-0.91938659643514,9.171875
200,0.02,0.8,1.1,0.5,3,20,2,436.16345282221295,15.78670110790455,-0.963805538942439,10.046875
200,0.02,0.8,1.2,1,7,10,4,400.2819718995448,138.1993228347531,-0.654745073381831,10.265625
200,0.02,0.8,1.2,0.9,3,20,2,436.16345282221295,62.280529629633435,-0.857208279999975,9.53125
200,0.02,0.8,1.2,0.8,3,20,2,436.16345282221295,34.60486036407313,-0.920660797826684,10.296875
200,0.02,0.8,1.2,0.75,3,20,2,436.16345282221295,27.758236156815414,-0.936358179537499,11.5625
200,0.02,0.8,1.2,0.5,1,3,3,462.48363470827576,13.356271075473412,-0.971120554170747,11.078125
200,0.02,0.8,1.3,1,7,10,4,400.2819718995448,92.71962736574842,-0.768364218538881,12.6875
200,0.02,0.8,1.3,0.9,3,20,2,436.16345282221295,47.54501921383194,-0.890992656752439,11.59375
200,0.02,0.8,1.3,0.8,3,20,2,436.16345282221295,28.04713193051392,-0.935695822864034,11.03125
200,0.02,0.8,1.3,0.75,3,20,2,436.16345282221295,22.971468939962115,-0.947332889100807,10.671875
200,0.02,0.8,1.3,0.5,5,14,3,462.4836347082762,11.036362105653746,-0.976136751060142,10.4375
200,0.02,0.8,1.5,1,2,1,6,454.15731898780484,49.38660675621135,-0.891256609347877,11.265625
200,0.02,0.8,1.5,0.9,7,10,4,400.2819718995448,29.045259456634415,-0.92743800246911,11.484375
200,0.02,0.8,1.5,0.8,7,10,4,400.2819718995448,19.180516814042353,-0.95208248644569,10.859375
200,0.02,0.8,1.5,0.75,5,14,3,462.4836347082762,16.061567084057074,-0.96527105852256,10.671875
200,0.02,0.8,1.5,0.5,1,3,3,462.48363470827576,8.262698371281601,-0.982134074048926,10.84375
200,0.02,0.8,1.7,1,9,4,6,454.15731898780723,29.694305344844025,-0.934616697555321,11.265625
200,0.02,0.8,1.7,0.9,2,3,4,400.2819718995437,19.564161309345035,-0.951124050837206,11.296875
200,0.02,0.8,1.7,0.8,2,3,4,400.2819718995437,13.452841591998688,-0.966391587589723,11.359375
200,0.02,0.8,1.7,0.75,2,3,4,400.2819718995437,11.496410473435137,-0.97127921994868,11.171875
200,0.02,0.8,1.7,0.5,2,3,4,400.2819718995437,6.3268450703109975,-0.984194029423091,11.59375
200,0.02,0.8,2,1,2,1,6,454.15731898780484,17.268212589043237,-0.961977464928828,11.515625
200,0.02,0.8,2,0.9,2,1,6,454.15731898780484,11.810576440076185,-0.973994525803528,11.65625
200,0.02,0.8,2,0.8,2,1,6,454.15731898780484,8.826131429103873,-0.980565916126211,10.875
200,0.02,0.8,2,0.75,2,1,6,454.15731898780484,7.795463457289055,-0.982835323507142,9.96875
200,0.02,0.8,2,0.5,7,10,4,400.2819718995448,4.7434270627372825,-0.988149785911598,10.75
200,0.02,0.7,1.1,1,2,21,2,373.0863168647427,190.15801068597375,-0.490310949262411,13.046875
200,0.02,0.7,1.1,0.9,2,21,2,373.0863168647427,82.25354547662997,-0.77953213034492,12.609375
200,0.02,0.7,1.1,0.8,2,21,2,373.0863168647427,46.550376145349375,-0.875228937537729,12.25
200,0.02,0.7,1.1,0.75,2,21,2,373.0863168647427,37.366520105450974,-0.899844839072461,13.171875
200,0.02,0.7,1.1,0.5,2,21,2,373.0863168647427,17.819515538614542,-0.952237552724093,11.390625
200,0.02,0.7,1.2,1,4,9,4,383.21046080432484,115.25170533871227,-0.699246974895181,11.59375
200,0.02,0.7,1.2,0.9,2,21,2,373.0863168647427,56.45106103374515,-0.848691687467566,12.46875
200,0.02,0.7,1.2,0.8,2,21,2,373.0863168647427,34.66129901132688,-0.907095764587118,11.59375
200,0.02,0.7,1.2,0.75,2,21,2,373.0863168647427,28.655346174372763,-0.923193789535944,13.140625
200,0.02,0.7,1.2,0.5,3,13,3,386.6705676663138,14.226508071011905,-0.963207677902992,12.734375
200,0.02,0.7,1.3,1,4,9,4,383.21046080432484,74.63139319339356,-0.805246983506794,11.765625
200,0.02,0.7,1.3,0.9,2,21,2,373.0863168647427,42.279094468818364,-0.886677445519541,11.984375
200,0.02,0.7,1.3,0.8,3,13,3,386.6705676663138,27.337268473940394,-0.929300881008528,11.171875
200,0.02,0.7,1.3,0.75,4,17,3,386.67056766631373,22.74293192417574,-0.94118266600575,11.734375
200,0.02,0.7,1.3,0.5,3,13,3,386.6705676663138,11.592286178056877,-0.970020251998955,11.671875
200,0.02,0.7,1.5,1,4,9,4,383.21046080432484,38.881617097120376,-0.898537171935465,12.46875
200,0.02,0.7,1.5,0.9,4,9,4,383.21046080432484,24.97362317004546,-0.934830528588316,12.1875
200,0.02,0.7,1.5,0.8,4,9,4,383.21046080432484,17.537797128548075,-0.954234555362247,11.75
200,0.02,0.7,1.5,0.75,3,13,3,386.6705676663138,15.064906650584454,-0.961039427589469,11.984375
200,0.02,0.7,1.5,0.5,4,9,4,383.21046080432484,8.394594035681896,-0.978094037365101,11.578125
200,0.02,0.7,1.7,1,7,3,7,481.16862108491404,23.499561662507485,-0.951161483453509,11.859375
200,0.02,0.7,1.7,0.9,4,9,4,383.21046080432484,16.632782134142715,-0.956596221044613,11.65625
200,0.02,0.7,1.7,0.8,4,9,4,383.21046080432484,12.192680041791801,-0.968182809998974,11.609375
200,0.02,0.7,1.7,0.75,4,9,4,383.21046080432484,10.67289876345644,-0.97214872803562,11.515625
200,0.02,0.7,1.7,0.5,4,9,4,383.21046080432484,6.368206276502567,-0.983381961277528,11.578125
200,0.02,0.7,2,1,7,3,7,481.16862108491404,12.900899943402838,-0.973188401366833,12.34375
200,0.02,0.7,2,0.9,7,3,7,481.16862108491404,9.876613556161601,-0.979473695658099,11.875
200,0.02,0.7,2,0.8,7,3,7,481.16862108491404,7.894121359619623,-0.983593856677893,12.9375
200,0.02,0.7,2,0.75,7,3,7,481.16862108491404,7.144582949798879,-0.98515160250124,11.921875
200,0.02,0.7,2,0.5,7,3,7,481.16862108491404,4.732248792864928,-0.990165092681657,12.484375
200,0.05,0.9,1.1,1,9,2,13,371.55299026821854,179.19240354854946,-0.517720464531336,23.234375
200,0.05,0.9,1.1,0.9,2,17,3,390.2771781460147,50.39885856841235,-0.870863936221357,22.453125
200,0.05,0.9,1.1,0.8,2,17,3,390.2771781460147,24.24724969349921,-0.93787172027664,23.59375
200,0.05,0.9,1.1,0.75,2,17,3,390.2771781460147,18.991883684953272,-0.951337447464458,21.765625
200,0.05,0.9,1.1,0.5,7,24,5,383.0109457665832,7.968949455567608,-0.979193938075012,21.75
200,0.05,0.9,1.2,1,9,2,13,371.55299026821854,99.69819332661903,-0.731671670157604,23.625
200,0.05,0.9,1.2,0.9,2,17,3,390.2771781460147,39.98161603978599,-0.897555844208682,22.78125
200,0.05,0.9,1.2,0.8,2,7,5,383.01094576658295,19.973518015059135,-0.947851312773626,24.125
200,0.05,0.9,1.2,0.75,2,7,5,383.01094576658295,15.496262086944387,-0.959540941954206,22.90625
200,0.05,0.9,1.2,0.5,8,15,7,411.43895227827437,6.894274216322007,-0.983243506288974,23.390625
200,0.05,0.9,1.3,1,9,2,13,371.55299026821854,62.26589505925652,-0.83241718761486,23.1875
200,0.05,0.9,1.3,0.9,3,2,10,378.1507528976554,29.543806219000857,-0.921872940903553,20.796875
200,0.05,0.9,1.3,0.8,2,7,5,383.01094576658295,16.52171283313116,-0.956863601378118,23.34375
200,0.05,0.9,1.3,0.75,7,24,5,383.0109457665832,13.058347653555824,-0.965906071881522,21.46875
200,0.05,0.9,1.3,0.5,8,15,7,411.43895227827437,5.919202693963534,-0.985613411999065,22.609375
200,0.05,0.9,1.5,1,9,2,13,371.55299026821854,31.455567165524478,-0.915340293337924,23.03125
200,0.05,0.9,1.5,0.9,9,2,13,371.55299026821854,15.999224505417287,-0.956939588902601,22.203125
200,0.05,0.9,1.5,0.8,14,9,10,378.15075289765423,10.421745297335232,-0.972440236552548,24.109375
200,0.05,0.9,1.5,0.75,14,9,10,378.15075289765423,8.638543501682054,-0.977155820964291,23.96875
200,0.05,0.9,1.5,0.5,3,2,10,378.1507528976554,4.433300985354476,-0.988276366101658,22.625
200,0.05,0.9,1.7,1,9,2,13,371.55299026821854,20.137583409663733,-0.945801584330873,21.515625
200,0.05,0.9,1.7,0.9,9,2,13,371.55299026821854,10.432383482188245,-0.971922219022763,22.078125
200,0.05,0.9,1.7,0.8,9,2,13,371.55299026821854,6.972908980060005,-0.98123306994508,23.640625
200,0.05,0.9,1.7,0.75,9,2,13,371.55299026821854,5.963675718630542,-0.983949326543367,23.296875
200,0.05,0.9,1.7,0.5,9,2,13,371.55299026821854,3.4052430113580465,-0.990835108045019,23.125
200,0.05,0.9,2,1,9,2,13,371.55299026821854,13.54072084799457,-0.963556420745746,23.234375
200,0.05,0.9,2,0.9,9,2,13,371.55299026821854,7.1016141973773195,-0.980886671932714,22.671875
200,0.05,0.9,2,0.8,9,2,13,371.55299026821854,4.802383494119152,-0.987074835568804,22.796875
200,0.05,0.9,2,0.75,9,2,13,371.55299026821854,4.13044135838737,-0.988883304759825,21.640625
200,0.05,0.9,2,0.5,9,2,13,371.55299026821854,2.4208322156523203,-0.993484557306604,22.765625
200,0.05,0.8,1.1,1,7,2,14,386.36482874914924,167.5787596824992,-0.566268078217592,32.640625
200,0.05,0.8,1.1,0.9,4,25,5,384.3732932721771,64.46027593306214,-0.832297724474272,30.8125
200,0.05,0.8,1.1,0.8,4,25,5,384.3732932721771,32.16803977644515,-0.916310419221382,28.078125
200,0.05,0.8,1.1,0.75,4,25,5,384.3732932721771,24.91039654748493,-0.935192176502633,26.609375
200,0.05,0.8,1.1,0.5,3,13,6,373.0407450838826,10.677324201154207,-0.971377592550236,26.859375
200,0.05,0.8,1.2,1,7,2,14,386.36482874914924,85.30619461269872,-0.779208177698585,28.21875
200,0.05,0.8,1.2,0.9,3,13,6,373.0407450838826,44.37113296006334,-0.881055532016788,28.1875
200,0.05,0.8,1.2,0.8,3,13,6,373.0407450838826,24.19503108480172,-0.935141049862097,31.640625
200,0.05,0.8,1.2,0.75,3,13,6,373.0407450838826,19.203120131311117,-0.948522727384664,28.125
200,0.05,0.8,1.2,0.5,8,23,7,390.85133470736207,8.85083964077531,-0.977354971430756,28.359375
200,0.05,0.8,1.3,1,7,2,14,386.36482874914924,49.36857294515259,-0.872222911425497,27.90625
200,0.05,0.8,1.3,0.9,7,2,14,386.36482874914924,30.886782656230338,-0.920057985722391,27.375
200,0.05,0.8,1.3,0.8,3,13,6,373.0407450838826,19.038521983448515,-0.948963961083748,27.546875
200,0.05,0.8,1.3,0.75,3,13,6,373.0407450838826,15.467544588679813,-0.958536581345285,29.359375
200,0.05,0.8,1.3,0.5,2,3,9,376.6482480311324,7.396291142479406,-0.98036286858855,28.15625
200,0.05,0.8,1.5,1,7,2,14,386.36482874914924,21.995004447977443,-0.943071928883418,26.703125
200,0.05,0.8,1.5,0.9,7,2,14,386.36482874914924,14.477356151240667,-0.962529311484922,28.984375
200,0.05,0.8,1.5,0.8,7,2,14,386.36482874914924,10.494118504817145,-0.972838835929264,28.765625
200,0.05,0.8,1.5,0.75,7,2,14,386.36482874914924,9.14993267062583,-0.97631789441019,28.78125
200,0.05,0.8,1.5,0.5,4,3,11,386.9782234322733,5.16717801664828,-0.986647367464715,34.0625
200,0.05,0.8,1.7,1,7,2,14,386.36482874914924,12.746986477348704,-0.967007901525051,31.140625
200,0.05,0.8,1.7,0.9,7,2,14,386.36482874914924,8.718462998859767,-0.977434635996538,29.609375
200,0.05,0.8,1.7,0.8,7,2,14,386.36482874914924,6.528079656472088,-0.983103845974783,33.40625
200,0.05,0.8,1.7,0.75,7,2,14,386.36482874914924,5.774618695423245,-0.985053974208474,30.765625
200,0.05,0.8,1.7,0.5,7,2,14,386.36482874914924,3.5805770964480588,-0.990732652586312,28.609375
200,0.05,0.8,2,1,7,2,14,386.36482874914924,7.680218659829524,-0.980121848345528,30.578125
200,0.05,0.8,2,0.9,7,2,14,386.36482874914924,5.419523081158891,-0.985973042373695,31.265625
200,0.05,0.8,2,0.8,7,2,14,386.36482874914924,4.169104472312565,-0.989209409961538,30.5625
200,0.05,0.8,2,0.75,7,2,14,386.36482874914924,3.733117740257448,-0.99033784272667,29.109375
200,0.05,0.8,2,0.5,7,2,14,386.36482874914924,2.4344988481401746,-0.993698963603851,30.25
200,0.05,0.7,1.1,1,9,11,11,370.6455794209146,151.46715944345948,-0.591342328485052,34.8125
200,0.05,0.7,1.1,0.9,1,25,4,385.2411717374629,65.22172302573833,-0.830698980766816,33.546875
200,0.05,0.7,1.1,0.8,1,25,4,385.2411717374629,36.5619316580422,-0.90509339514999,31.765625
200,0.05,0.7,1.1,0.75,2,25,5,431.2387818309768,29.399675814880982,-0.931825065245629,32.0625
200,0.05,0.7,1.1,0.5,5,24,7,372.9508278097183,12.763165369954713,-0.965777887007488,31.75
200,0.05,0.7,1.2,1,7,1,16,376.04222393243913,72.62619874368126,-0.80686690450823,32.34375
200,0.05,0.7,1.2,0.9,5,24,7,372.9508278097183,44.50363984090552,-0.880671561711584,31.375
200,0.05,0.7,1.2,0.8,5,24,7,372.9508278097183,26.359088245507085,-0.92932288580693,31.84375
200,0.05,0.7,1.2,0.75,5,24,7,372.9508278097183,21.32180060745083,-0.94282945895932,37.03125
200,0.05,0.7,1.2,0.5,5,24,7,372.9508278097183,10.04545756843814,-0.973064927547061,31.328125
200,0.05,0.7,1.3,1,7,1,16,376.04222393243913,39.656375396342895,-0.894542759103914,35.265625
200,0.05,0.7,1.3,0.9,9,11,11,370.6455794209146,28.820711027738763,-0.922241859533931,36.65625
200,0.05,0.7,1.3,0.8,5,11,9,376.0141067076666,19.517082960371027,-0.948094811837619,35.734375
200,0.05,0.7,1.3,0.75,5,24,7,372.9508278097183,16.280588172783002,-0.956346555741955,36.703125
200,0.05,0.7,1.3,0.5,11,24,9,376.014106707665,8.220810420688117,-0.978136962752093,35.640625
200,0.05,0.7,1.5,1,7,1,16,376.04222393243913,16.159559650890564,-0.957027273475029,33.21875
200,0.05,0.7,1.5,0.9,7,1,16,376.04222393243913,12.631694415528234,-0.966408840253541,35.109375
200,0.05,0.7,1.5,0.8,5,2,14,385.08319033804463,10.108569984354322,-0.973749646211561,33.859375
200,0.05,0.7,1.5,0.75,5,2,14,385.08319033804463,9.059501234115231,-0.976473911452322,32.015625
200,0.05,0.7,1.5,0.5,9,11,11,370.6455794209146,5.519562962171407,-0.985108245535276,32.890625
200,0.05,0.7,1.7,1,7,1,16,376.04222393243913,8.87634053524349,-0.976395362088811,36.59375
200,0.05,0.7,1.7,0.9,7,1,16,376.04222393243913,7.0539193465638785,-0.981241682721695,36.703125
200,0.05,0.7,1.7,0.8,7,1,16,376.04222393243913,5.818532971043274,-0.984526915860149,33.46875
200,0.05,0.7,1.7,0.75,7,1,16,376.04222393243913,5.339691514066017,-0.985800287376703,33.6875
200,0.05,0.7,1.7,0.5,5,2,14,385.08319033804463,3.7339122267645335,-0.990303621865481,33.53125
200,0.05,0.7,2,1,7,1,16,376.04222393243913,5.1695698546197235,-0.986252687795111,33.328125
200,0.05,0.7,2,0.9,7,1,16,376.04222393243913,4.167018950836906,-0.988918747189449,32.421875
200,0.05,0.7,2,0.8,7,1,16,376.04222393243913,3.484122284450523,-0.99073475779391,33.671875
200,0.05,0.7,2,0.75,7,1,16,376.04222393243913,3.218372414683282,-0.991441460001413,32.796875
200,0.05,0.7,2,0.5,7,1,16,376.04222393243913,2.320423536462484,-0.993829353756616,32.828125
500,0.01,0.9,1.1,1,3,8,3,385.00496520717576,236.32285096286216,-0.386182329270236,24.71875
500,0.01,0.9,1.1,0.9,1,14,1,424.3464104937149,64.32463055390403,-0.848414811665157,21.9375
500,0.01,0.9,1.1,0.8,3,17,2,452.5679210115677,31.804847941551678,-0.929723591830233,21.453125
500,0.01,0.9,1.1,0.75,3,17,2,452.5679210115677,24.259978147683093,-0.946394834849412,23.6875
500,0.01,0.9,1.1,0.5,5,13,3,385.00496520717587,10.357001232853865,-0.973099045028469,23.046875
500,0.01,0.9,1.2,1,1,1,5,418.71812594961693,155.53125874775432,-0.628553795241076,22.953125
500,0.01,0.9,1.2,0.9,5,13,3,385.00496520717587,51.81597837852846,-0.86541477887007,23.125
500,0.01,0.9,1.2,0.8,3,17,2,452.5679210115677,25.826574981432284,-0.94293326198705,22.578125
500,0.01,0.9,1.2,0.75,3,17,2,452.5679210115677,20.151148196575107,-0.955473759272345,24.09375
500,0.01,0.9,1.2,0.5,3,8,3,385.00496520717576,8.694491558619932,-0.97741719628488,23.9375
500,0.01,0.9,1.3,1,1,1,5,418.71812594961693,106.74996517697524,-0.745055304365256,23.5625
500,0.01,0.9,1.3,0.9,3,8,3,385.00496520717576,39.87947542133044,-0.896418282813909,23.3125
500,0.01,0.9,1.3,0.8,3,8,3,385.00496520717576,21.16244139550096,-0.945033328637429,23.75
500,0.01,0.9,1.3,0.75,3,8,3,385.00496520717576,16.677614486740502,-0.956682079469375,23.640625
500,0.01,0.9,1.3,0.5,3,8,3,385.00496520717576,7.52418369726113,-0.980456917761535,22.984375
500,0.01,0.9,1.5,1,1,1,5,418.71812594961693,59.350294973508205,-0.858257163243394,23.765625
500,0.01,0.9,1.5,0.9,7,6,5,418.71812594961693,26.265194308856152,-0.937272373271902,23.09375
500,0.01,0.9,1.5,0.8,3,8,3,385.00496520717576,15.212165306510158,-0.960488391887818,23.578125
500,0.01,0.9,1.5,0.75,3,8,3,385.00496520717576,12.296298561115263,-0.968061974072208,23.421875
500,0.01,0.9,1.5,0.5,3,8,3,385.00496520717576,5.992494691452617,-0.984435279456128,23.375
500,0.01,0.9,1.7,1,1,1,5,418.71812594961693,38.62111877388136,-0.907763441846965,23.390625
500,0.01,0.9,1.7,0.9,7,6,5,418.71812594961693,18.077472859971746,-0.956826629324981,23.296875
500,0.01,0.9,1.7,0.8,1,1,5,418.71812594961693,11.204931174178315,-0.973239918504204,23.15625
500,0.01,0.9,1.7,0.75,1,1,5,418.71812594961693,9.295046006837865,-0.977801185497385,22.734375
500,0.01,0.9,1.7,0.5,1,1,5,418.71812594961693,4.780016516877691,-0.988584166243013,22.625
500,0.01,0.9,2,1,1,1,5,418.71812594961693,24.48388478814148,-0.941526570571517,23.296875
500,0.01,0.9,2,0.9,1,1,5,418.71812594961693,12.1305626465809,-0.971029287019591,23.484375
500,0.01,0.9,2,0.8,1,1,5,418.71812594961693,7.846846356569431,-0.981259835984474,23.0
500,0.01,0.9,2,0.75,7,6,5,418.71812594961693,6.624695883794187,-0.984178626447637,22.828125
500,0.01,0.9,2,0.5,7,6,5,418.71812594961693,3.6296041923938596,-0.991331628684184,22.296875
500,0.01,0.8,1.1,1,8,1,9,375.13210112142104,202.8357220383359,-0.459295215120278,28.703125
500,0.01,0.8,1.1,0.9,2,19,2,425.75852442913197,78.90457108584884,-0.81467295060822,28.125
500,0.01,0.8,1.1,0.8,2,19,2,425.75852442913197,41.12924723790497,-0.903397712839567,27.296875
500,0.01,0.8,1.1,0.75,2,19,2,425.75852442913197,32.55871683574607,-0.923527739393118,28.296875
500,0.01,0.8,1.1,0.5,2,9,3,382.7125491097479,13.876248345928804,-0.963742374327136,28.5625
500,0.01,0.8,1.2,1,8,1,9,375.13210112142104,120.19653321066698,-0.679588782587917,28.890625
500,0.01,0.8,1.2,0.9,2,9,3,382.7125491097479,56.13261966976564,-0.85332955556242,28.765625
500,0.01,0.8,1.2,0.8,2,9,3,382.7125491097479,31.24763641187466,-0.918352203280081,28.34375
500,0.01,0.8,1.2,0.75,2,9,3,382.7125491097479,24.89573601765239,-0.934949256104708,29.15625
500,0.01,0.8,1.2,0.5,2,9,3,382.7125491097479,11.56816000172827,-0.969773240964693,29.328125
500,0.01,0.8,1.3,1,8,1,9,375.13210112142104,76.92739864177341,-0.794932509343224,27.359375
500,0.01,0.8,1.3,0.9,5,22,3,382.71254910974653,41.88835672738783,-0.890548776556119,28.203125
500,0.01,0.8,1.3,0.8,5,22,3,382.71254910974653,24.69299964497229,-0.935478991471765,28.953125
500,0.01,0.8,1.3,0.75,2,9,3,382.7125491097479,20.105509410199325,-0.947465769134124,27.265625
500,0.01,0.8,1.3,0.5,5,13,4,398.44794021373843,9.929742902317457,-0.975078945327234,28.5
500,0.01,0.8,1.5,1,8,1,9,375.13210112142104,37.93463978595154,-0.89887658328213,28.0625
500,0.01,0.8,1.5,0.9,5,7,5,378.2713348838779,25.22375953555275,-0.933318342656612,29.328125
500,0.01,0.8,1.5,0.8,5,7,5,378.2713348838779,16.70768443007232,-0.955831481560184,27.921875
500,0.01,0.8,1.5,0.75,5,7,5,378.2713348838779,14.066803385331745,-0.962812927948532,27.328125
500,0.01,0.8,1.5,0.5,5,7,5,378.2713348838779,7.3579061267215184,-0.98054860242323,28.546875
500,0.01,0.8,1.7,1,8,1,9,375.13210112142104,22.580989060593232,-0.939805233961344,28.109375
500,0.01,0.8,1.7,0.9,8,1,9,375.13210112142104,15.990157285933368,-0.957374596207223,27.1875
500,0.01,0.8,1.7,0.8,8,5,7,401.4957932822,11.723719792700113,-0.97079989382489,27.859375
500,0.01,0.8,1.7,0.75,5,7,5,378.2713348838779,10.11986319468918,-0.97324707885202,28.375
500,0.01,0.8,1.7,0.5,5,7,5,378.2713348838779,5.653175278728115,-0.985055237451541,28.75
500,0.01,0.8,2,1,8,1,9,375.13210112142104,13.1717762737617,-0.964887632291702,28.75
500,0.01,0.8,2,0.9,8,1,9,375.13210112142104,9.35331641074248,-0.975066606182777,27.546875
500,0.01,0.8,2,0.8,8,1,9,375.13210112142104,7.232546650861174,-0.980720000689783,27.609375
500,0.01,0.8,2,0.75,8,1,9,375.13210112142104,6.490475170581282,-0.982698161124631,28.03125
500,0.01,0.8,2,0.5,8,5,7,401.4957932822,4.053449932601474,-0.989904128510376,27.84375
500,0.01,0.7,1.1,1,1,19,2,377.2523340736499,191.75847327257256,-0.491697052734109,32.796875
500,0.01,0.7,1.1,0.9,1,19,2,377.2523340736499,81.10040324327734,-0.785023455342109,31.953125
500,0.01,0.7,1.1,0.8,1,7,3,400.96188321130956,47.24300944782046,-0.882175809158091,33.09375
500,0.01,0.7,1.1,0.75,1,7,3,400.96188321130956,37.34761067130244,-0.906854959947352,30.640625
500,0.01,0.7,1.1,0.5,1,7,3,400.96188321130956,16.735546943651528,-0.958261501543198,35.859375
500,0.01,0.7,1.2,1,5,1,9,383.60929409359466,108.70643394262923,-0.71662200156155,31.609375
500,0.01,0.7,1.2,0.9,1,7,3,400.96188321130956,55.82648311955064,-0.860768603059134,32.421875
500,0.01,0.7,1.2,0.8,1,7,3,400.96188321130956,33.570253662963424,-0.916275698342947,31.734375
500,0.01,0.7,1.2,0.75,1,7,3,400.96188321130956,27.43309427195262,-0.931581790138652,31.59375
500,0.01,0.7,1.2,0.5,1,7,3,400.96188321130956,13.612887093988071,-0.96604942348893,31.609375
500,0.01,0.7,1.3,1,5,1,9,383.60929409359466,66.30430506871328,-0.827156677146263,31.265625
500,0.01,0.7,1.3,0.9,1,7,3,400.96188321130956,40.3237068501084,-0.899432568185396,31.78125
500,0.01,0.7,1.3,0.8,1,7,3,400.96188321130956,25.819015212273683,-0.935607307593707,31.96875
500,0.01,0.7,1.3,0.75,1,7,3,400.96188321130956,21.60578547295498,-0.946115113736213,31.453125
500,0.01,0.7,1.3,0.5,4,15,4,414.4509644741772,11.026491424197136,-0.973394943263826,30.9375
500,0.01,0.7,1.5,1,5,1,9,383.60929409359466,30.3314328623067,-0.92093144423423,31.921875
500,0.01,0.7,1.5,0.9,5,3,7,391.25727967309143,22.602306889411697,-0.942231600372275,31.671875
500,0.01,0.7,1.5,0.8,6,11,5,395.85180967874544,16.023959052070953,-0.959520308710789,31.453125
500,0.01,0.7,1.5,0.75,1,2,5,395.85180967874516,13.795782152677514,-0.965149124456766,31.015625
500,0.01,0.7,1.5,0.5,1,2,5,395.85180967874516,7.713702341656255,-0.980513661544414,32.640625
500,0.01,0.7,1.7,1,5,1,9,383.60929409359466,17.103905955745134,-0.955413212820719,30.625
500,0.01,0.7,1.7,0.9,5,1,9,383.60929409359466,13.230411455216933,-0.965510711917243,32.171875
500,0.01,0.7,1.7,0.8,5,3,7,391.25727967309143,10.560273591123831,-0.973009387582648,31.0
500,0.01,0.7,1.7,0.75,5,3,7,391.25727967309143,9.430008408895064,-0.975898190528814,30.875
500,0.01,0.7,1.7,0.5,6,11,5,395.85180967874544,5.828730811177091,-0.98527547261712,30.953125
500,0.01,0.7,2,1,5,1,9,383.60929409359466,9.43882803380563,-0.97539468365565,33.046875
500,0.01,0.7,2,0.9,5,1,9,383.60929409359466,7.444869219721989,-0.98059257339603,32.4375
500,0.01,0.7,2,0.8,5,1,9,383.60929409359466,6.1060943665985,-0.984082517132369,32.734375
500,0.01,0.7,2,0.75,5,1,9,383.60929409359466,5.591044435162454,-0.985425159084392,34.09375
500,0.01,0.7,2,0.5,5,1,9,383.60929409359466,3.88669396453189,-0.989868092289798,30.890625
500,0.02,0.9,1.1,1,8,1,15,373.3440578984858,181.11896564020896,-0.514873849446785,54.046875
500,0.02,0.9,1.1,0.9,2,17,3,385.5837636123891,50.30138432980917,-0.86954485879137,54.234375
500,0.02,0.9,1.1,0.8,2,17,3,385.5837636123891,24.238886473784987,-0.937137170282534,54.625
500,0.02,0.9,1.1,0.75,2,17,3,385.5837636123891,18.990885365300507,-0.950747704759707,59.953125
500,0.02,0.9,1.1,0.5,2,7,5,375.5115919466779,7.971014846270926,-0.978772919352639,60.609375
500,0.02,0.9,1.2,1,8,1,15,373.3440578984858,101.07176610181465,-0.729279831931069,53.453125
500,0.02,0.9,1.2,0.9,2,17,3,385.5837636123891,39.932514317009364,-0.896436214162918,48.78125
500,0.02,0.9,1.2,0.8,2,7,5,375.5115919466779,19.940562517844235,-0.946897611297507,50.09375
500,0.02,0.9,1.2,0.75,2,7,5,375.5115919466779,15.481619877690402,-0.958771925528496,50.359375
500,0.02,0.9,1.2,0.5,8,15,7,400.1512877192066,6.895984556029948,-0.982766556630778,53.96875
500,0.02,0.9,1.3,1,8,1,15,373.3440578984858,63.17633043084392,-0.830782547373442,50.296875
500,0.02,0.9,1.3,0.9,12,7,11,385.5272309057357,30.34421240416294,-0.921291649534394,49.984375
500,0.02,0.9,1.3,0.8,2,7,5,375.5115919466779,16.505514349870708,-0.956045260109535,51.5
500,0.02,0.9,1.3,0.75,2,7,5,375.5115919466779,13.05265508612125,-0.965240340468704,48.25
500,0.02,0.9,1.3,0.5,8,15,7,400.1512877192066,5.923687995461138,-0.985196379026479,51.609375
500,0.02,0.9,1.5,1,8,1,15,373.3440578984858,31.875381600243518,-0.914621966184043,50.640625
500,0.02,0.9,1.5,0.9,8,1,15,373.3440578984858,16.50722349783186,-0.955785492902313,51.21875
500,0.02,0.9,1.5,0.8,12,7,11,385.5272309057357,10.626192937819688,-0.972437244153013,47.625
500,0.02,0.9,1.5,0.75,12,7,11,385.5272309057357,8.82436308177573,-0.977110921422997,46.40625
500,0.02,0.9,1.5,0.5,1,1,9,408.8397214849108,4.531379278399586,-0.98891648966509,49.203125
500,0.02,0.9,1.7,1,8,1,15,373.3440578984858,20.380222375507394,-0.945411686768967,49.53125
500,0.02,0.9,1.7,0.9,8,1,15,373.3440578984858,10.642279237157851,-0.971494713757968,47.328125
500,0.02,0.9,1.7,0.8,8,1,15,373.3440578984858,7.166151044997951,-0.980805503948996,49.09375
500,0.02,0.9,1.7,0.75,8,1,15,373.3440578984858,6.150583564705115,-0.983525695843865,46.59375
500,0.02,0.9,1.7,0.5,12,7,11,385.5272309057357,3.472730246566562,-0.990992256919419,46.734375
500,0.02,0.9,2,1,8,1,15,373.3440578984858,13.698160455181327,-0.963309552769403,46.625
500,0.02,0.9,2,0.9,8,1,15,373.3440578984858,7.1955519076539955,-0.980726753900525,47.03125
500,0.02,0.9,2,0.8,8,1,15,373.3440578984858,4.873327233027261,-0.986946819883892,48.015625
500,0.02,0.9,2,0.75,8,1,15,373.3440578984858,4.194566103430217,-0.988764877825989,48.015625
500,0.02,0.9,2,0.5,8,1,15,373.3440578984858,2.4670575321214177,-0.99339200000662,47.625
500,0.02,0.8,1.1,1,4,1,14,388.78272576760435,169.1376797656545,-0.564955774638102,60.125
500,0.02,0.8,1.1,0.9,4,25,5,378.023591885075,64.12247482171183,-0.830374409962206,60.578125
500,0.02,0.8,1.1,0.8,4,25,5,378.023591885075,32.09360755388678,-0.91510157502645,63.46875
500,0.02,0.8,1.1,0.75,4,25,5,378.023591885075,24.87304756211924,-0.934202393458868,59.15625
500,0.02,0.8,1.1,0.5,4,17,6,389.18762169168815,10.869295851001276,-0.97207183567721,58.546875
500,0.02,0.8,1.2,1,4,1,14,388.78272576760435,86.13620935673033,-0.778446408114802,59.0625
500,0.02,0.8,1.2,0.9,4,25,5,378.023591885075,44.67448309094569,-0.881820912636247,60.28125
500,0.02,0.8,1.2,0.8,4,25,5,378.023591885075,24.43973119579888,-0.935348661510975,59.9375
500,0.02,0.8,1.2,0.75,4,25,5,378.023591885075,19.530263716243745,-0.948335860153984,61.046875
500,0.02,0.8,1.2,0.5,1,3,7,380.7184929503822,8.849245259051951,-0.976756460684442,63.671875
500,0.02,0.8,1.3,1,4,1,14,388.78272576760435,49.79587194507393,-0.871918507061346,59.859375
500,0.02,0.8,1.3,0.9,4,1,14,388.78272576760435,31.64204082586919,-0.918612534125851,57.78125
500,0.02,0.8,1.3,0.8,1,3,7,380.7184929503822,19.09949922216586,-0.949833014219629,62.421875
500,0.02,0.8,1.3,0.75,8,23,7,380.7184929503822,15.461165065246249,-0.959389508648687,62.40625
500,0.02,0.8,1.3,0.5,1,3,7,380.7184929503822,7.434751635353794,-0.980471787493856,63.0
500,0.02,0.8,1.5,1,4,1,14,388.78272576760435,22.13099791843735,-0.943076179954388,62.21875
500,0.02,0.8,1.5,0.9,4,1,14,388.78272576760435,14.692023553337219,-0.962210194590488,62.46875
500,0.02,0.8,1.5,0.8,4,1,14,388.78272576760435,10.72193010190051,-0.972421793996296,60.109375
500,0.02,0.8,1.5,0.75,4,1,14,388.78272576760435,9.375402353216717,-0.975885239410505,63.515625
500,0.02,0.8,1.5,0.5,11,10,11,406.4289251189933,5.2919945337465775,-0.986979286643545,63.921875
500,0.02,0.8,1.7,1,4,1,14,388.78272576760435,12.83015014010477,-0.96699917643004,60.9375
500,0.02,0.8,1.7,0.9,4,1,14,388.78272576760435,8.8081403703656,-0.977344311394044,61.515625
500,0.02,0.8,1.7,0.8,4,1,14,388.78272576760435,6.615362294768574,-0.982984423287564,61.6875
500,0.02,0.8,1.7,0.75,4,1,14,388.78272576760435,5.859566205111687,-0.984928429642694,59.015625
500,0.02,0.8,1.7,0.5,4,1,14,388.78272576760435,3.6520580456102247,-0.990606429237822,60.890625
500,0.02,0.8,2,1,4,1,14,388.78272576760435,7.759340462684703,-0.980041961876354,59.40625
500,0.02,0.8,2,0.9,4,1,14,388.78272576760435,5.4776328280875894,-0.985910812222244,59.796875
500,0.02,0.8,2,0.8,4,1,14,388.78272576760435,4.215331190317116,-0.98915761706749,61.015625
500,0.02,0.8,2,0.75,4,1,14,388.78272576760435,3.7751299866895,-0.990289872114981,62.609375
500,0.02,0.8,2,0.5,4,1,14,388.78272576760435,2.463618123005089,-0.993663252095007,59.90625
500,0.02,0.7,1.1,1,8,3,14,371.0571521770213,149.8575178040425,-0.596133595795643,68.765625
500,0.02,0.7,1.1,0.9,1,25,4,382.13603110763484,65.13410642631868,-0.829552564730614,69.6875
500,0.02,0.7,1.1,0.8,1,25,4,382.13603110763484,36.54980813539143,-0.904353933782557,69.171875
500,0.02,0.7,1.1,0.75,2,25,5,425.4694199329001,29.373402090276397,-0.930962366002922,67.484375
500,0.02,0.7,1.1,0.5,2,15,6,402.3226636587602,12.930312223628313,-0.96786084058492,67.359375
500,0.02,0.7,1.2,1,8,3,14,371.0571521770213,72.37093161367024,-0.804960149160137,99.46875
500,0.02,0.7,1.2,0.9,4,19,7,379.6825470014476,45.058038001542926,-0.881327076112953,92.328125
500,0.02,0.7,1.2,0.8,4,19,7,379.6825470014476,26.699304808976727,-0.929679925980703,100.328125
500,0.02,0.7,1.2,0.75,4,19,7,379.6825470014476,21.594951174378533,-0.943123666481577,100.296875
500,0.02,0.7,1.2,0.5,4,19,7,379.6825470014476,10.15811514469681,-0.973245767484123,95.953125
500,0.02,0.7,1.3,1,10,1,16,372.2100443436143,40.32385673826927,-0.891663706149092,82.734375
500,0.02,0.7,1.3,0.9,8,3,14,371.0571521770213,29.171032611765096,-0.921383990469887,93.484375
500,0.02,0.7,1.3,0.8,3,10,8,373.4087653512045,19.61277229585718,-0.947476400888954,86.875
500,0.02,0.7,1.3,0.75,3,10,8,373.4087653512045,16.302734915346967,-0.956340781395386,80.921875
500,0.02,0.7,1.3,0.5,7,23,8,373.40876535120447,8.24719298111644,-0.977913767039293,79.8125
500,0.02,0.7,1.5,1,10,1,16,372.2100443436143,16.358394550322334,-0.956050636464768,85.015625
500,0.02,0.7,1.5,0.9,10,1,16,372.2100443436143,12.879039872407034,-0.965398462324897,118.21875
500,0.02,0.7,1.5,0.8,8,3,14,371.0571521770213,10.192726306822138,-0.972530575823641,80.4375
500,0.02,0.7,1.5,0.75,8,3,14,371.0571521770213,9.14617164718144,-0.975351043380999,81.8125
500,0.02,0.7,1.5,0.5,5,6,11,373.00983125826997,5.577101929059355,-0.985048378188193,81.015625
500,0.02,0.7,1.7,1,10,1,16,372.2100443436143,8.963700128130577,-0.9759176296708,79.21875
500,0.02,0.7,1.7,0.9,10,1,16,372.2100443436143,7.145541940205403,-0.980802393571064,79.640625
500,0.02,0.7,1.7,0.8,10,1,16,372.2100443436143,5.910771745498044,-0.984119795165867,78.453125
500,0.02,0.7,1.7,0.75,10,1,16,372.2100443436143,5.43145835672925,-0.985407544908393,77.984375
500,0.02,0.7,1.7,0.5,8,3,14,371.0571521770213,3.7695003429316545,-0.989841186672145,80.671875
500,0.02,0.7,2,1,10,1,16,372.2100443436143,5.228630240730851,-0.985952474093085,79.546875
500,0.02,0.7,2,0.9,10,1,16,372.2100443436143,4.2166531163173655,-0.988671307557663,80.921875
500,0.02,0.7,2,0.8,10,1,16,372.2100443436143,3.5272012805702295,-0.990523626822617,78.28125
500,0.02,0.7,2,0.75,10,1,16,372.2100443436143,3.258856553005036,-0.991244576543462,81.40625
500,0.02,0.7,2,0.5,10,1,16,372.2100443436143,2.3518485486901275,-0.993681394190106,77.296875
500,0.05,0.9,1.1,1,19,3,30,372.4448535123042,127.8586764518456,-0.656704408059107,189.21875
500,0.05,0.9,1.1,0.9,1,20,5,381.0328084986975,40.61547576640855,-0.89340688029874,194.625
500,0.05,0.9,1.1,0.8,3,19,9,381.7186440428412,19.146238866047735,-0.949842012789139,194.6875
500,0.05,0.9,1.1,0.75,3,19,9,381.7186440428412,14.662465885287087,-0.96158828992476,190.96875
500,0.05,0.9,1.1,0.5,3,8,14,380.13069239685683,6.393687210113055,-0.983180292099544,189.875
500,0.05,0.9,1.2,1,19,3,30,372.4448535123042,57.66754144364296,-0.845164885754723,189.65625
500,0.05,0.9,1.2,0.9,19,3,30,372.4448535123042,27.302706273896185,-0.926693291593585,190.28125
500,0.05,0.9,1.2,0.8,3,19,9,381.7186440428412,15.84548475488517,-0.958489099230094,192.15625
500,0.05,0.9,1.2,0.75,5,22,11,389.4558359383288,12.386644472036043,-0.968194995865981,192.421875
500,0.05,0.9,1.2,0.5,1,2,16,388.10545954693436,5.428808265021969,-0.98601202809319,193.890625
500,0.05,0.9,1.3,1,19,3,30,372.4448535123042,32.137161795383626,-0.913712965846306,189.125
500,0.05,0.9,1.3,0.9,19,3,30,372.4448535123042,15.894499204150431,-0.957323885524906,188.578125
500,0.05,0.9,1.3,0.8,19,3,30,372.4448535123042,10.219837861041905,-0.97256013134652,189.96875
500,0.05,0.9,1.3,0.75,19,3,30,372.4448535123042,8.593212218398229,-0.97692755816771,191.203125
500,0.05,0.9,1.3,0.5,3,1,27,376.7531754247449,4.431744547417379,-0.988237008109032,188.515625
500,0.05,0.9,1.5,1,19,3,30,372.4448535123042,15.730355545103492,-0.957764604889126,189.453125
500,0.05,0.9,1.5,0.9,19,3,30,372.4448535123042,8.164022705933515,-0.978079915378227,192.171875
500,0.05,0.9,1.5,0.8,19,3,30,372.4448535123042,5.470219517128291,-0.985312672559328,190.515625
500,0.05,0.9,1.5,0.75,19,3,30,372.4448535123042,4.6852154769005825,-0.987420377989608,185.484375
500,0.05,0.9,1.5,0.5,19,3,30,372.4448535123042,2.6989429427394853,-0.992753442778743,190.71875
500,0.05,0.9,1.7,1,19,3,30,372.4448535123042,11.463120027693021,-0.969221966904385,196.75
500,0.05,0.9,1.7,0.9,19,3,30,372.4448535123042,6.023454935492413,-0.983827256898064,194.859375
500,0.05,0.9,1.7,0.8,19,3,30,372.4448535123042,4.081178373316568,-0.989042194207197,193.484375
500,0.05,0.9,1.7,0.75,19,3,30,372.4448535123042,3.5135776009216864,-0.990566180287397,195.0625
500,0.05,0.9,1.7,0.5,19,3,30,372.4448535123042,2.069551676692087,-0.994443333940111,193.703125
500,0.05,0.9,2,1,19,3,30,372.4448535123042,10.124540287272684,-0.972816001639452,189.125
500,0.05,0.9,2,0.9,19,3,30,372.4448535123042,5.328620065236918,-0.985692861600889,192.125
500,0.05,0.9,2,0.8,19,3,30,372.4448535123042,3.615794753020776,-0.990291731194773,195.59375
500,0.05,0.9,2,0.75,19,3,30,372.4448535123042,3.115123810756663,-0.991636013274502,200.53125
500,0.05,0.9,2,0.5,19,3,30,372.4448535123042,1.840694963238383,-0.995057805347879,193.9375
500,0.05,0.8,1.1,1,19,3,32,371.29025102929387,110.16774695727372,-0.703284030076561,421.53125
500,0.05,0.8,1.1,0.9,1,22,8,384.34117232835325,55.072882034199736,-0.856708346647937,440.0625
500,0.05,0.8,1.1,0.8,1,12,10,399.94086168261765,27.641066901396016,-0.930887114697144,444.046875
500,0.05,0.8,1.1,0.75,2,15,12,404.91272937130157,21.435668493533917,-0.94706101601988,441.390625
500,0.05,0.8,1.1,0.5,5,18,16,374.61413917743573,8.934439978959182,-0.97615028626902,436.984375
500,0.05,0.8,1.2,1,19,3,32,371.29025102929387,44.31166326783336,-0.880654923890427,433.0625
500,0.05,0.8,1.2,0.9,19,3,32,371.29025102929387,28.640392239297334,-0.922862525585037,432.6875
500,0.05,0.8,1.2,0.8,19,7,29,373.8724152852059,19.68292390345708,-0.947353901762337,429.671875
500,0.05,0.8,1.2,0.75,18,25,22,370.8889216248355,16.09723354194107,-0.956598235742873,435.171875
500,0.05,0.8,1.2,0.5,18,25,22,370.8889216248355,7.169046953795498,-0.980670636042758,437.34375
500,0.05,0.8,1.3,1,19,3,32,371.29025102929387,22.571793511983127,-0.939207147374838,432.546875
500,0.05,0.8,1.3,0.9,19,3,32,371.29025102929387,15.086227374313012,-0.959368102629975,434.03125
500,0.05,0.8,1.3,0.8,19,3,32,371.29025102929387,11.050588991574443,-0.970237330603375,433.25
500,0.05,0.8,1.3,0.75,19,3,32,371.29025102929387,9.672183932775301,-0.973949803675259,375.859375
500,0.05,0.8,1.3,0.5,19,7,29,373.8724152852059,5.4618077021366105,-0.985391252526693,258.34375
500,0.05,0.8,1.5,1,19,3,32,371.29025102929387,9.614589011611006,-0.974104924691781,280.625
500,0.05,0.8,1.5,0.9,19,3,32,371.29025102929387,6.729902365293082,-0.981874282056594,277.40625
500,0.05,0.8,1.5,0.8,19,3,32,371.29025102929387,5.137443803404365,-0.986163267715318,262.671875
500,0.05,0.8,1.5,0.75,19,3,32,371.29025102929387,4.583134728532627,-0.987656194268965,265.46875
500,0.05,0.8,1.5,0.5,19,3,32,371.29025102929387,2.937359916190229,-0.992088777154672,264.796875
500,0.05,0.8,1.7,1,19,3,32,371.29025102929387,6.298376052784619,-0.983036516484544,274.359375
500,0.05,0.8,1.7,0.9,19,3,32,371.29025102929387,4.483553738619517,-0.987924396813032,294.796875
500,0.05,0.8,1.7,0.8,19,3,32,371.29025102929387,3.476021489258179,-0.990637994184813,308.421875
500,0.05,0.8,1.7,0.75,19,3,32,371.29025102929387,3.123609056191273,-0.991587150356003,264.546875
500,0.05,0.8,1.7,0.5,19,3,32,371.29025102929387,2.0677394143338157,-0.994430935343436,260.65625
500,0.05,0.8,2,1,19,3,32,371.29025102929387,5.140158465047803,-0.98615595628811,261.53125
500,0.05,0.8,2,0.9,19,3,32,371.29025102929387,3.671314550860185,-0.99011200929547,260.546875
500,0.05,0.8,2,0.8,19,3,32,371.29025102929387,2.8552982325738023,-0.992309794763912,255.21875
500,0.05,0.8,2,0.75,19,3,32,371.29025102929387,2.5696952197101814,-0.993079012409869,250.421875
500,0.05,0.8,2,0.5,19,3,32,371.29025102929387,1.7129038922950617,-0.995386617646042,260.203125
500,0.05,0.7,1.1,1,7,1,34,381.8185324110941,102.05981285424286,-0.732700735583055,297.765625
500,0.05,0.7,1.1,0.9,1,12,13,395.84873652244124,61.56291416367833,-0.844478689752775,301.40625
500,0.05,0.7,1.1,0.8,1,12,13,395.84873652244124,32.719686085696104,-0.91734295687504,302.71875
500,0.05,0.7,1.1,0.75,2,15,15,385.30723896529327,25.828380052001865,-0.93296679262668,298.53125
500,0.05,0.7,1.1,0.5,5,21,18,372.89656457888634,11.139711223698281,-0.97012653834374,300.890625
500,0.05,0.7,1.2,1,7,1,34,381.8185324110941,37.92655950860052,-0.90066862582834,305.453125
500,0.05,0.7,1.2,0.9,23,4,33,371.31730620009887,28.332777545833835,-0.923696587601102,327.875
500,0.05,0.7,1.2,0.8,18,13,28,372.93405721530036,20.362605344634673,-0.945398911816522,308.78125
500,0.05,0.7,1.2,0.75,18,13,28,372.93405721530036,17.227847926372394,-0.953804573240071,307.265625
500,0.05,0.7,1.2,0.5,9,14,24,374.79043114139375,8.424961234547759,-0.977520874241932,305.0625
500,0.05,0.7,1.3,1,7,1,34,381.8185324110941,18.234343741740528,-0.952243429289314,300.34375
500,0.05,0.7,1.3,0.9,7,1,34,381.8185324110941,14.032571836428026,-0.963248059889037,311.015625
500,0.05,0.7,1.3,0.8,23,4,33,371.31730620009887,11.215338172314256,-0.969795810792965,316.203125
500,0.05,0.7,1.3,0.75,23,4,33,371.31730620009887,10.048376529811042,-0.97293857204599,312.578125
500,0.05,0.7,1.3,0.5,13,7,29,374.29056093282884,6.025157672230613,-0.98390245894202,302.90625
500,0.05,0.7,1.5,1,7,1,34,381.8185324110941,7.193405498895572,-0.981160145754395,288.75
500,0.05,0.7,1.5,0.9,7,1,34,381.8185324110941,5.726529400223786,-0.98500196058043,293.578125
500,0.05,0.7,1.5,0.8,7,1,34,381.8185324110941,4.732091133432956,-0.987606439363875,291.203125
500,0.05,0.7,1.5,0.75,7,1,34,381.8185324110941,4.3466091660215405,-0.98861603406578,293.171875
500,0.05,0.7,1.5,0.5,7,1,34,381.8185324110941,3.0536838470702268,-0.992002263934684,293.578125
500,0.05,0.7,1.7,1,7,1,34,381.8185324110941,4.459367051548602,-0.988320716065328,288.984375
500,0.05,0.7,1.7,0.9,7,1,34,381.8185324110941,3.602539581911982,-0.990564785949066,289.875
500,0.05,0.7,1.7,0.8,7,1,34,381.8185324110941,3.018651556695653,-0.992094015087131,287.421875
500,0.05,0.7,1.7,0.75,7,1,34,381.8185324110941,2.791347292537522,-0.992689335232339,287.40625
500,0.05,0.7,1.7,0.5,7,1,34,381.8185324110941,2.022733841253764,-0.994702368613485,286.484375
500,0.05,0.7,2,1,7,1,34,381.8185324110941,3.4685174210295298,-0.990915796048121,288.1875
500,0.05,0.7,2,0.9,7,1,34,381.8185324110941,2.8120650237913596,-0.99263507455745,288.34375
500,0.05,0.7,2,0.8,7,1,34,381.8185324110941,2.3644847724802087,-0.993807307472612,291.484375
500,0.05,0.7,2,0.75,7,1,34,381.8185324110941,2.1901643637917063,-0.994263860504723,298.96875
500,0.05,0.7,2,0.5,7,1,34,381.8185324110941,1.6001591499060621,-0.995809110836497,304.328125
1000,0.01,0.9,1.1,1,10,1,15,371.81519485783326,180.57022580110498,-0.514354904537595,94.109375
1000,0.01,0.9,1.1,0.9,2,17,3,384.04570058552207,50.2691930582712,-0.869106221000183,99.453125
1000,0.01,0.9,1.1,0.8,2,17,3,384.04570058552207,24.23614980193325,-0.936892537099146,95.953125
1000,0.01,0.9,1.1,0.75,2,17,3,384.04570058552207,18.99058594919111,-0.950551234084282,101.25
1000,0.01,0.9,1.1,0.5,2,7,5,373.07256084905185,7.97170241289403,-0.978632300390166,103.234375
1000,0.01,0.9,1.2,1,10,1,15,371.81519485783326,100.83024699483893,-0.72881622809043,95.875
1000,0.01,0.9,1.2,0.9,2,17,3,384.04570058552207,39.916295495452104,-0.896063683476744,99.921875
1000,0.01,0.9,1.2,0.8,7,24,5,373.07256084905146,19.929690207417845,-0.946579587193276,99.46875
1000,0.01,0.9,1.2,0.75,7,24,5,373.07256084905146,15.476801401312656,-0.958515304995655,96.71875
1000,0.01,0.9,1.2,0.5,8,15,7,396.49452152579374,6.8965468305991084,-0.982606198935461,99.59375
1000,0.01,0.9,1.3,1,10,1,15,371.81519485783326,63.068138766777984,-0.830377726249481,99.34375
1000,0.01,0.9,1.3,0.9,12,7,11,378.2163218377718,30.18893458625262,-0.920180772634128,98.3125
1000,0.01,0.9,1.3,0.8,2,7,5,373.07256084905185,16.500180921204226,-0.955772193796154,96.265625
1000,0.01,0.9,1.3,0.75,2,7,5,373.07256084905185,13.050805956833539,-0.965018049231141,105.15625
1000,0.01,0.9,1.3,0.5,8,15,7,396.49452152579374,5.925148988223712,-0.985056164293462,94.03125
1000,0.01,0.9,1.5,1,10,1,15,371.81519485783326,31.875010524942667,-0.914271899142985,93.140625
1000,0.01,0.9,1.5,0.9,10,1,15,371.81519485783326,16.54497443881006,-0.955502156265732,97.09375
1000,0.01,0.9,1.5,0.8,12,7,11,378.2163218377718,10.61341094444415,-0.971938252445391,99.421875
1000,0.01,0.9,1.5,0.75,12,7,11,378.2163218377718,8.816333788084684,-0.976689705655097,93.734375
1000,0.01,0.9,1.5,0.5,1,1,9,402.7235974251834,4.531507312876345,-0.988747847551401,94.0625
1000,0.01,0.9,1.7,1,10,1,15,371.81519485783326,20.414560877484686,-0.94509487196915,93.03125
1000,0.01,0.9,1.7,0.9,10,1,15,371.81519485783326,10.668166953033388,-0.971307877944277,92.890625
1000,0.01,0.9,1.7,0.8,10,1,15,371.81519485783326,7.188660659574218,-0.980666038507859,95.15625
1000,0.01,0.9,1.7,0.75,10,1,15,371.81519485783326,6.171995842968399,-0.983400366826513,95.390625
1000,0.01,0.9,1.7,0.5,12,7,11,378.2163218377718,3.475169244432534,-0.990811688856931,94.34375
1000,0.01,0.9,2,1,10,1,15,371.81519485783326,13.74216103433839,-0.963040345783628,96.96875
1000,0.01,0.9,2,0.9,10,1,15,371.81519485783326,7.219212076859213,-0.980583870221819,94.734375
1000,0.01,0.9,2,0.8,10,1,15,371.81519485783326,4.88971051058258,-0.986849083689405,93.703125
1000,0.01,0.9,2,0.75,10,1,15,371.81519485783326,4.20881837663603,-0.988680348638668,94.34375
1000,0.01,0.9,2,0.5,10,1,15,371.81519485783326,2.475863322130283,-0.993341145395962,94.625
1000,0.01,0.8,1.1,1,4,1,14,377.5431992580252,165.37227384571622,-0.561977876516601,134.375
1000,0.01,0.8,1.1,0.9,4,25,5,375.95166401795495,64.01119560484514,-0.829735570470069,135.734375
1000,0.01,0.8,1.1,0.8,4,25,5,375.95166401795495,32.069018909920224,-0.914699090390543,113.484375
1000,0.01,0.8,1.1,0.75,4,25,5,375.95166401795495,24.8607009311984,-0.933872613661284,115.609375
1000,0.01,0.8,1.1,0.5,4,17,6,386.5025475039696,10.86873586896913,-0.971879264602111,113.0625
1000,0.01,0.8,1.2,1,4,1,14,377.5431992580252,84.69982724766713,-0.775655269611198,112.546875
1000,0.01,0.8,1.2,0.9,4,25,5,375.95166401795495,44.62366046423014,-0.881304793314868,112.515625
1000,0.01,0.8,1.2,0.8,4,25,5,375.95166401795495,24.428693996605485,-0.93502171599528,113.515625
1000,0.01,0.8,1.2,0.75,4,25,5,375.95166401795495,19.525077938074453,-0.948064924811339,118.234375
1000,0.01,0.8,1.2,0.5,8,23,7,377.44536283127036,8.848706141617766,-0.976556325728199,125.5
1000,0.01,0.8,1.3,1,4,1,14,377.5431992580252,49.19482063019716,-0.869697505538761,124.828125
1000,0.01,0.8,1.3,0.9,4,1,14,377.5431992580252,31.31202215949371,-0.917063736756402,121.953125
1000,0.01,0.8,1.3,0.8,1,3,7,377.4453628312689,19.08323945307081,-0.949441054700143,131.484375
1000,0.01,0.8,1.3,0.75,1,3,7,377.4453628312689,15.452170274334364,-0.959061173361819,127.390625
1000,0.01,0.8,1.3,0.5,1,3,7,377.4453628312689,7.435276179630081,-0.980301053048162,120.078125
1000,0.01,0.8,1.5,1,4,1,14,377.5431992580252,22.01381732189126,-0.941691924619078,124.96875
1000,0.01,0.8,1.5,0.9,4,1,14,377.5431992580252,14.628518094533073,-0.961253392662662,121.359375
1000,0.01,0.8,1.5,0.8,4,1,14,377.5431992580252,10.683952315738866,-0.971701377917187,127.78125
1000,0.01,0.8,1.5,0.75,4,1,14,377.5431992580252,9.345326968110292,-0.975246999584481,121.375
1000,0.01,0.8,1.5,0.5,11,10,11,399.3109657241692,5.291433089206723,-0.986748590588764,121.0
1000,0.01,0.8,1.7,1,4,1,14,377.5431992580252,12.818854728201465,-0.966046654387116,121.671875
1000,0.01,0.8,1.7,0.9,4,1,14,377.5431992580252,8.803825191750887,-0.976681277244424,116.828125
1000,0.01,0.8,1.7,0.8,4,1,14,377.5431992580252,6.614216413218438,-0.982480901718751,117.484375
1000,0.01,0.8,1.7,0.75,4,1,14,377.5431992580252,5.859348264650986,-0.984480323639344,116.546875
1000,0.01,0.8,1.7,0.5,4,1,14,377.5431992580252,3.6538067423864504,-0.990322149228042,116.65625
1000,0.01,0.8,2,1,4,1,14,377.5431992580252,7.780566827387354,-0.979391585273742,116.0
1000,0.01,0.8,2,0.9,4,1,14,377.5431992580252,5.4924165256750594,-0.985452217027166,116.109375
1000,0.01,0.8,2,0.8,4,1,14,377.5431992580252,4.226554998247847,-0.988805108907923,117.8125
1000,0.01,0.8,2,0.75,4,1,14,377.5431992580252,3.7851140825462553,-0.989974355014247,123.015625
1000,0.01,0.8,2,0.5,4,1,14,377.5431992580252,2.4699215254920146,-0.993457910166714,125.796875
1000,0.01,0.7,1.1,1,11,7,13,373.3849800766778,151.24965586981492,-0.594923031347553,137.265625
1000,0.01,0.7,1.1,0.9,1,25,4,381.1133941521984,65.10503709050062,-0.829171479959844,133.265625
1000,0.01,0.7,1.1,0.8,1,25,4,381.1133941521984,36.5457756809262,-0.904107868572229,135.390625
1000,0.01,0.7,1.1,0.75,2,25,5,423.57948059818307,29.364674889766725,-0.930674935319582,136.53125
1000,0.01,0.7,1.1,0.5,2,15,6,399.9406442525538,12.930033707780325,-0.967670118319819,130.953125
1000,0.01,0.7,1.2,1,11,7,13,373.3849800766778,74.81817330328386,-0.799621898856458,131.078125
1000,0.01,0.7,1.2,0.9,4,19,7,376.7531230967483,44.97063706185053,-0.880636325739754,131.71875
1000,0.01,0.7,1.2,0.8,4,19,7,376.7531230967483,26.670469847499582,-0.929209691406723,131.359375
1000,0.01,0.7,1.2,0.75,4,19,7,376.7531230967483,21.577929361159825,-0.942726607854505,130.765625
1000,0.01,0.7,1.2,0.5,4,19,7,376.7531230967483,10.157689480136117,-0.973038871193304,130.796875
1000,0.01,0.7,1.3,1,13,1,16,371.167961549667,41.577960239515846,-0.887980740401398,130.59375
1000,0.01,0.7,1.3,0.9,11,7,13,373.3849800766778,29.056185628107542,-0.92218169669776,131.09375
1000,0.01,0.7,1.3,0.8,6,13,9,373.9548845679625,19.763627351673275,-0.947149701294832,131.671875
1000,0.01,0.7,1.3,0.75,4,19,7,376.7531230967483,16.428350749820076,-0.956394918203235,131.921875
1000,0.01,0.7,1.3,0.5,6,13,9,373.9548845679625,8.338454620748305,-0.977701976990133,130.78125
1000,0.01,0.7,1.5,1,13,1,16,371.167961549667,16.843690915348123,-0.954619760700724,131.953125
1000,0.01,0.7,1.5,0.9,13,1,16,371.167961549667,13.36393317527955,-0.963994917235087,132.109375
1000,0.01,0.7,1.5,0.8,11,7,13,373.3849800766778,10.585966178045751,-0.971648655562224,133.109375
1000,0.01,0.7,1.5,0.75,11,7,13,373.3849800766778,9.346986006180204,-0.974966893407815,131.328125
1000,0.01,0.7,1.5,0.5,6,7,11,387.3621310952271,5.632437483631,-0.985459504088058,133.09375
1000,0.01,0.7,1.7,1,13,1,16,371.167961549667,9.14632248624574,-0.975357995749259,131.421875
1000,0.01,0.7,1.7,0.9,13,1,16,371.167961549667,7.324212078946485,-0.98026712206418,130.890625
1000,0.01,0.7,1.7,0.8,13,1,16,371.167961549667,6.084619288224963,-0.983606830549649,131.59375
1000,0.01,0.7,1.7,0.75,13,1,16,371.167961549667,5.602745292843064,-0.984905094530651,131.6875
1000,0.01,0.7,1.7,0.5,13,4,15,415.68635275714104,3.9064381243737047,-0.990602438356555,130.828125
1000,0.01,0.7,2,1,13,1,16,371.167961549667,5.277637684053377,-0.985780998817843,132.765625
1000,0.01,0.7,2,0.9,13,1,16,371.167961549667,4.261955373048372,-0.988517448124417,135.109375
1000,0.01,0.7,2,0.8,13,1,16,371.167961549667,3.5697404398593187,-0.990382412250897,134.71875
1000,0.01,0.7,2,0.75,13,1,16,371.167961549667,3.300241060604698,-0.991108496954247,132.484375
1000,0.01,0.7,2,0.5,13,1,16,371.167961549667,2.3887919918388696,-0.993564121262338,133.890625
1000,0.02,0.9,1.1,1,7,1,25,373.32543338092086,141.6461843639177,-0.620582548900734,258.0
1000,0.02,0.9,1.1,0.9,2,13,7,370.4699012347321,43.1253841218637,-0.883592745380577,263.90625
1000,0.02,0.9,1.1,0.8,2,13,7,370.4699012347321,19.90611925000335,-0.946267917626617,263.8125
1000,0.02,0.9,1.1,0.75,2,13,7,370.4699012347321,15.350755265666129,-0.958564095991323,250.828125
1000,0.02,0.9,1.1,0.5,5,14,11,380.676652523813,6.690730783009076,-0.982424110492065,249.578125
1000,0.02,0.9,1.2,1,7,1,25,373.32543338092086,67.47270142854417,-0.81926572530166,248.953125
1000,0.02,0.9,1.2,0.9,17,6,22,370.42088099994044,31.367112462207665,-0.915320344853311,240.265625
1000,0.02,0.9,1.2,0.8,2,13,7,370.4699012347321,16.55190142332762,-0.955321872659122,252.203125
1000,0.02,0.9,1.2,0.75,5,14,11,380.676652523813,12.948433187306671,-0.965985743802618,263.34375
1000,0.02,0.9,1.2,0.5,7,16,12,373.39558919627905,5.676093523395387,-0.984798712979944,262.578125
1000,0.02,0.9,1.3,1,7,1,25,373.32543338092086,38.46017445832645,-0.896979495583726,247.578125
1000,0.02,0.9,1.3,0.9,7,1,25,373.32543338092086,18.93496440334547,-0.949280272088975,243.03125
1000,0.02,0.9,1.3,0.8,17,6,22,370.42088099994044,11.96733583754914,-0.967692599279922,241.359375
1000,0.02,0.9,1.3,0.75,17,6,22,370.42088099994044,9.844130150795028,-0.973424472928683,245.140625
1000,0.02,0.9,1.3,0.5,17,9,20,372.77832193066934,4.805514801468222,-0.987108920989343,246.046875
1000,0.02,0.9,1.5,1,7,1,25,373.32543338092086,18.5295876147699,-0.950366125749961,247.046875
1000,0.02,0.9,1.5,0.9,7,1,25,373.32543338092086,9.54667141645157,-0.974428017587779,248.125
1000,0.02,0.9,1.5,0.8,7,1,25,373.32543338092086,6.3559597483199175,-0.982974747552667,243.15625
1000,0.02,0.9,1.5,0.75,7,1,25,373.32543338092086,5.428171970925562,-0.98545994597323,244.015625
1000,0.02,0.9,1.5,0.5,7,1,25,373.32543338092086,3.0899380847866444,-0.991723204988196,243.09375
1000,0.02,0.9,1.7,1,7,1,25,373.32543338092086,12.739352818981429,-0.965876011436962,243.421875
1000,0.02,0.9,1.7,0.9,7,1,25,373.32543338092086,6.6758836716569085,-0.982117790338583,256.96875
1000,0.02,0.9,1.7,0.8,7,1,25,373.32543338092086,4.512050530452845,-0.987913894615776,261.09375
1000,0.02,0.9,1.7,0.75,7,1,25,373.32543338092086,3.8800524026629493,-0.989606782566287,270.03125
1000,0.02,0.9,1.7,0.5,7,1,25,373.32543338092086,2.2740107432029912,-0.993908770901009,261.765625
1000,0.02,0.9,2,1,7,1,25,373.32543338092086,10.416765855383167,-0.972097358165377,248.40625
1000,0.02,0.9,2,0.9,7,1,25,373.32543338092086,5.481648421696202,-0.985316702448978,251.421875
1000,0.02,0.9,2,0.8,7,1,25,373.32543338092086,3.7191435294112596,-0.990037797597313,262.046875
1000,0.02,0.9,2,0.75,7,1,25,373.32543338092086,3.2039615529088,-0.991417778521294,257.78125
1000,0.02,0.9,2,0.5,7,1,25,373.32543338092086,1.8926569639068003,-0.994930275854054,260.109375
1000,0.02,0.8,1.1,1,17,3,26,377.6640109499969,125.01443316655478,-0.668979755703789,328.859375
1000,0.02,0.8,1.1,0.9,2,17,9,373.8666711939173,55.89244884006255,-0.850501654342244,327.34375
1000,0.02,0.8,1.1,0.8,2,17,9,373.8666711939173,27.735193285960243,-0.925815282765404,309.15625
1000,0.02,0.8,1.1,0.75,2,17,9,373.8666711939173,21.581301591957818,-0.9422754065693,307.359375
1000,0.02,0.8,1.1,0.5,4,17,12,383.59732837615087,9.338935683276606,-0.975654325532426,325.75
1000,0.02,0.8,1.2,1,17,3,26,377.6640109499969,53.53503627532119,-0.858246921276252,307.359375
1000,0.02,0.8,1.2,0.9,17,3,26,377.6640109499969,34.2391626105034,-0.909339620356262,310.484375
1000,0.02,0.8,1.2,0.8,3,16,11,381.9295930026949,21.457677622719114,-0.943817714008435,307.265625
1000,0.02,0.8,1.2,0.75,3,16,11,381.9295930026949,17.00307173462928,-0.955481135669659,307.34375
1000,0.02,0.8,1.2,0.5,3,7,15,376.8990670232722,7.560564646397476,-0.979940081289905,311.015625
1000,0.02,0.8,1.3,1,17,3,26,377.6640109499969,28.081061354605993,-0.925645387062512,308.296875
1000,0.02,0.8,1.3,0.9,17,3,26,377.6640109499969,18.513790569761962,-0.950978144506829,313.703125
1000,0.02,0.8,1.3,0.8,17,3,26,377.6640109499969,13.410693271643499,-0.964490412422646,310.21875
1000,0.02,0.8,1.3,0.75,17,3,26,377.6640109499969,11.681482541612478,-0.969069113807725,308.953125
1000,0.02,0.8,1.3,0.5,16,17,19,371.5491513899673,6.012906097354933,-0.983816660393757,308.546875
1000,0.02,0.8,1.5,1,17,3,26,377.6640109499969,11.90861902262887,-0.968467689063955,310.109375
1000,0.02,0.8,1.5,0.9,17,3,26,377.6640109499969,8.23395877410909,-0.97819766105487,308.34375
1000,0.02,0.8,1.5,0.8,17,3,26,377.6640109499969,6.21919136860698,-0.983532475458906,307.328125
1000,0.02,0.8,1.5,0.75,17,3,26,377.6640109499969,5.521740029555964,-0.985379226324302,309.515625
1000,0.02,0.8,1.5,0.5,17,3,26,377.6640109499969,3.470504909934125,-0.990810601991955,309.5625
1000,0.02,0.8,1.7,1,17,3,26,377.6640109499969,7.376252284461383,-0.980468744517364,309.109375
1000,0.02,0.8,1.7,0.9,17,3,26,377.6640109499969,5.222032242780946,-0.986172809451329,309.078125
1000,0.02,0.8,1.7,0.8,17,3,26,377.6640109499969,4.028395794433633,-0.989333387144037,309.875
1000,0.02,0.8,1.7,0.75,17,3,26,377.6640109499969,3.6115934316574787,-0.990437019872312,308.015625
1000,0.02,0.8,1.7,0.5,17,3,26,377.6640109499969,2.3668282658223987,-0.993732979057578,308.125
1000,0.02,0.8,2,1,17,3,26,377.6640109499969,5.433851081898529,-0.985611943620918,308.625
1000,0.02,0.8,2,0.9,17,3,26,377.6640109499969,3.8792574052315225,-0.989728284155343,307.6875
1000,0.02,0.8,2,0.8,17,3,26,377.6640109499969,3.0156879838294306,-0.992014891818143,307.734375
1000,0.02,0.8,2,0.75,17,3,26,377.6640109499969,2.713469435322947,-0.992815123081234,307.203125
1000,0.02,0.8,2,0.5,17,3,26,377.6640109499969,1.8070102197115527,-0.995215296752353,308.171875
1000,0.02,0.7,1.1,1,16,3,27,372.1146233496614,113.84548065147291,-0.694058030757644,365.8125
1000,0.02,0.7,1.1,0.9,1,19,9,374.77689572765684,58.6543922579021,-0.843495175592347,367.453125
1000,0.02,0.7,1.1,0.8,1,19,9,374.77689572765684,31.824110166933167,-0.915085186601099,366.453125
1000,0.02,0.7,1.1,0.75,1,19,9,374.77689572765684,25.451632769209397,-0.932088575738391,362.96875
1000,0.02,0.7,1.1,0.5,2,15,12,394.7426950038493,11.419060921268468,-0.971072141256072,364.265625
1000,0.02,0.7,1.2,1,16,3,27,372.1146233496614,45.89255787302489,-0.876670910001025,363.15625
1000,0.02,0.7,1.2,0.9,19,11,24,375.5652122448648,33.77303655325359,-0.910074108431443,364.765625
1000,0.02,0.7,1.2,0.8,13,11,22,371.3483903937486,22.821498011576892,-0.938544238774325,366.8125
1000,0.02,0.7,1.2,0.75,4,15,15,378.6973544826646,18.893304621189912,-0.950109752820956,363.703125
1000,0.02,0.7,1.2,0.5,7,17,17,375.222621878851,8.816591931490114,-0.976503037350619,362.0
1000,0.02,0.7,1.3,1,16,3,27,372.1146233496614,22.98711382185746,-0.93822571761643,364.671875
1000,0.02,0.7,1.3,0.9,16,3,27,372.1146233496614,17.44476137078646,-0.953119925216176,362.953125
1000,0.02,0.7,1.3,0.8,9,2,27,373.7596785287277,13.77384345287388,-0.963147861462495,362.8125
1000,0.02,0.7,1.3,0.75,19,11,24,375.5652122448648,12.20836575067329,-0.967493353077884,367.875
1000,0.02,0.7,1.3,0.5,13,11,22,371.3483903937486,6.655020802341542,-0.982078767608807,391.78125
1000,0.02,0.7,1.5,1,16,3,27,372.1146233496614,9.128559692617495,-0.975468419890503,393.640625
1000,0.02,0.7,1.5,0.9,16,3,27,372.1146233496614,7.183615541285779,-0.98069515388398,386.59375
1000,0.02,0.7,1.5,0.8,16,3,27,372.1146233496614,5.873145825158257,-0.984216836811491,387.875
1000,0.02,0.7,1.5,0.75,16,3,27,372.1146233496614,5.3676153405634395,-0.98557537112558,406.046875
1000,0.02,0.7,1.5,0.5,9,2,27,373.7596785287277,3.6849357741379913,-0.990140895377897,405.9375
1000,0.02,0.7,1.7,1,16,3,27,372.1146233496614,5.373236292306673,-0.985560265694644,405.796875
1000,0.02,0.7,1.7,0.9,16,3,27,372.1146233496614,4.3162948391877745,-0.98840063096598,405.796875
1000,0.02,0.7,1.7,0.8,16,3,27,372.1146233496614,3.597244799539184,-0.990332965775013,391.46875
1000,0.02,0.7,1.7,0.75,16,3,27,372.1146233496614,3.3177146799786055,-0.991084159364355,402.390625
1000,0.02,0.7,1.7,0.5,16,3,27,372.1146233496614,2.375086326026693,-0.993617326014637,364.765625
1000,0.02,0.7,2,1,16,3,27,372.1146233496614,3.7357655821563442,-0.98996071278111,390.515625
1000,0.02,0.7,2,0.9,16,3,27,372.1146233496614,3.026886028085098,-0.991865715996759,375.65625
1000,0.02,0.7,2,0.8,16,3,27,372.1146233496614,2.543581829126105,-0.993164520635524,372.046875
1000,0.02,0.7,2,0.75,16,3,27,372.1146233496614,2.355355345365775,-0.993670349947111,371.0625
1000,0.02,0.7,2,0.5,16,3,27,372.1146233496614,1.718336539777662,-0.99538223861156,373.765625
1000,0.05,0.9,1.1,1,10,1,58,371.39246817800927,88.92976556237207,-0.760550433349801,1241.484375
1000,0.05,0.9,1.1,0.9,2,25,13,387.7613000072948,38.93485323783979,-0.899590667668208,1222.375
1000,0.05,0.9,1.1,0.8,3,22,17,399.6529238988762,18.378188415809106,-0.954014627901335,1219.828125
1000,0.05,0.9,1.1,0.75,2,13,18,393.5060860549378,14.078827633444917,-0.964222084149724,1226.15625
1000,0.05,0.9,1.1,0.5,7,18,28,372.04008134676616,5.93621858639741,-0.984044142327599,1227.140625
1000,0.05,0.9,1.2,1,10,1,58,371.39246817800927,34.291113423959345,-0.907668796860135,1220.546875
1000,0.05,0.9,1.2,0.9,10,1,58,371.39246817800927,17.013646508055913,-0.954189575810403,1217.359375
1000,0.05,0.9,1.2,0.8,10,1,58,371.39246817800927,10.959664870804701,-0.970490341593164,1215.8125
1000,0.05,0.9,1.2,0.75,10,1,58,371.39246817800927,9.220356196418916,-0.975173550929418,1223.40625
1000,0.05,0.9,1.2,0.5,4,1,53,377.7964630758962,4.714665570250336,-0.987520620145924,1193.328125
1000,0.05,0.9,1.3,1,10,1,58,371.39246817800927,18.78711938134996,-0.949414376997152,1220.328125
1000,0.05,0.9,1.3,0.9,10,1,58,371.39246817800927,9.675895499907243,-0.973946979734469,2045.953125
1000,0.05,0.9,1.3,0.8,10,1,58,371.39246817800927,6.438174910900848,-0.982664767159965,1978.21875
1000,0.05,0.9,1.3,0.75,10,1,58,371.39246817800927,5.49634949331624,-0.985200697471652,1801.0
1000,0.05,0.9,1.3,0.5,10,1,58,371.39246817800927,3.1211487492822707,-0.99159609034455,1219.25
1000,0.05,0.9,1.5,1,10,1,58,371.39246817800927,11.120123386787366,-0.970058295900988,1211.359375
1000,0.05,0.9,1.5,0.9,10,1,58,371.39246817800927,5.847288563629577,-0.984255769665132,1212.953125
1000,0.05,0.9,1.5,0.8,10,1,58,371.39246817800927,3.9643412696454225,-0.989325735955029,1176.921875
1000,0.05,0.9,1.5,0.75,10,1,58,371.39246817800927,3.414006021752181,-0.990807551810351,1167.734375
1000,0.05,0.9,1.5,0.5,10,1,58,371.39246817800927,2.0135141038687556,-0.994578473511466,1180.015625
1000,0.05,0.9,1.7,1,10,1,58,371.39246817800927,10.081925011239933,-0.972853717091517,1227.34375
1000,0.05,0.9,1.7,0.9,10,1,58,371.39246817800927,5.306241400635137,-0.985712576707151,1285.453125
1000,0.05,0.9,1.7,0.8,10,1,58,371.39246817800927,3.600641277062485,-0.990305023430532,1294.28125
1000,0.05,0.9,1.7,0.75,10,1,58,371.39246817800927,3.102081616190418,-0.991647429923905,1226.796875
1000,0.05,0.9,1.7,0.5,10,1,58,371.39246817800927,1.833022865955235,-0.99506445869797,1218.765625
1000,0.05,0.9,2,1,10,1,58,371.39246817800927,10.000372439097514,-0.973073303052811,1215.15625
1000,0.05,0.9,2,0.9,10,1,58,371.39246817800927,5.263353914496146,-0.985828054240525,1283.875
1000,0.05,0.9,2,0.8,10,1,58,371.39246817800927,3.5715615843134594,-0.990383322521765,1227.84375
1000,0.05,0.9,2,0.75,10,1,58,371.39246817800927,3.0770376724242716,-0.991714862480868,1170.109375
1000,0.05,0.9,2,0.5,10,1,58,371.39246817800927,1.8182495331312347,-0.995104236922059,1161.21875
1000,0.05,0.8,1.1,1,19,1,63,372.66466665155076,72.35319753195486,-0.805849054105237,1778.796875
1000,0.05,0.8,1.1,0.9,17,2,60,373.84354271639455,47.670136540457854,-0.872486398470117,1611.296875
1000,0.05,0.8,1.1,0.8,2,19,22,371.3625660100361,25.06946785856253,-0.932493282433089,1571.90625
1000,0.05,0.8,1.1,0.75,2,19,22,371.3625660100361,19.460474288592113,-0.9475971030207,1652.90625
1000,0.05,0.8,1.1,0.5,1,3,34,372.27768010386137,8.265187732542417,-0.977798325888792,1597.671875
1000,0.05,0.8,1.2,1,19,1,63,372.66466665155076,23.722348443895715,-0.936343982763258,1656.65625
1000,0.05,0.8,1.2,0.9,19,1,63,372.66466665155076,16.376786149311837,-0.9560548997133,1646.515625
1000,0.05,0.8,1.2,0.8,19,1,63,372.66466665155076,12.331112292537457,-0.966910970113334,1604.015625
1000,0.05,0.8,1.2,0.75,17,2,60,373.84354271639455,10.775210662796932,-0.97117721872497,1558.90625
1000,0.05,0.8,1.2,0.5,11,3,56,377.84289278038466,5.958760863254443,-0.984229527729352,1613.828125
1000,0.05,0.8,1.3,1,19,1,63,372.66466665155076,11.525987592639972,-0.96907142365762,1671.421875
1000,0.05,0.8,1.3,0.9,19,1,63,372.66466665155076,8.1102144355382,-0.978237232661712,1693.53125
1000,0.05,0.8,1.3,0.8,19,1,63,372.66466665155076,6.217413845547651,-0.983316331270651,1639.40625
1000,0.05,0.8,1.3,0.75,19,1,63,372.66466665155076,5.556468127039268,-0.985089898173162,1646.453125
1000,0.05,0.8,1.3,0.5,19,1,63,372.66466665155076,3.582894086096749,-0.990385742446984,1579.859375
1000,0.05,0.8,1.5,1,19,1,63,372.66466665155076,5.891187382878851,-0.984191720036642,1665.28125
1000,0.05,0.8,1.5,0.9,19,1,63,372.66466665155076,4.203743181517859,-0.988719769922678,1660.109375
1000,0.05,0.8,1.5,0.8,19,1,63,372.66466665155076,3.266317953660469,-0.991235235733484,1657.953125
1000,0.05,0.8,1.5,0.75,19,1,63,372.66466665155076,2.938233653405195,-0.992115609779146,1541.84375
1000,0.05,0.8,1.5,0.5,19,1,63,372.66466665155076,1.9540750992590614,-0.99475647874853,1645.078125
1000,0.05,0.8,1.7,1,19,1,63,372.66466665155076,5.078452075918588,-0.986372595713059,1558.328125
1000,0.05,0.8,1.7,0.9,19,1,63,372.66466665155076,3.6274216586123917,-0.99026625815856,1622.125
1000,0.05,0.8,1.7,0.8,19,1,63,372.66466665155076,2.8212937029639296,-0.992429403816804,1625.734375
1000,0.05,0.8,1.7,0.75,19,1,63,372.66466665155076,2.5391489366647253,-0.993186504748412,1636.75
1000,0.05,0.8,1.7,0.5,19,1,63,372.66466665155076,1.6927147585718114,-0.995457807219071,1630.484375
1000,0.05,0.8,2,1,19,1,63,372.66466665155076,5.0004928751816875,-0.986581789682097,1551.203125
1000,0.05,0.8,2,0.9,19,1,63,372.66466665155076,3.5717806229831104,-0.990415564064401,1539.71875
1000,0.05,0.8,2,0.8,19,1,63,372.66466665155076,2.778051593983921,-0.992545438721236,1545.125
1000,0.05,0.8,2,0.75,19,1,63,372.66466665155076,2.5002464338342114,-0.993290894851129,1649.703125
1000,0.05,0.8,2,0.5,19,1,63,372.66466665155076,1.666830953385129,-0.995527263240806,1580.078125
1000,0.05,0.7,1.1,1,9,1,62,381.32797887831566,68.29502751290498,-0.820902133345168,1985.421875
1000,0.05,0.7,1.1,0.9,25,14,55,372.1630372436648,47.690965824219845,-0.87185464151026,2029.5625
1000,0.05,0.7,1.1,0.8,1,19,23,370.64743503479315,29.38740924007722,-0.920713307412154,2023.9375
1000,0.05,0.7,1.1,0.75,1,14,25,370.7172905312695,23.31685758504669,-0.937103398787707,1955.78125
1000,0.05,0.7,1.1,0.5,5,19,37,371.7494248838454,10.24540952424502,-0.972440012442665,2033.953125
1000,0.05,0.7,1.2,1,9,1,62,381.32797887831566,21.191768371799714,-0.944426400511875,2020.0
1000,0.05,0.7,1.2,0.9,9,1,62,381.32797887831566,15.992276408765353,-0.958061623341127,1995.109375
1000,0.05,0.7,1.2,0.8,9,1,62,381.32797887831566,12.590919726495283,-0.966981390236479,1983.671875
1000,0.05,0.7,1.2,0.75,9,1,62,381.32797887831566,11.307530429418806,-0.970346968867377,2060.9375
1000,0.05,0.7,1.2,0.5,25,14,55,372.1630372436648,6.59871164972975,-0.982269298696072,2028.265625
1000,0.05,0.7,1.3,1,15,1,64,435.0375804034289,9.433992709783425,-0.978314533882257,1947.46875
1000,0.05,0.7,1.3,0.9,15,1,64,435.0375804034289,7.499167459797297,-0.982762023793799,2054.75
1000,0.05,0.7,1.3,0.8,19,2,62,392.3905531554489,6.16866028753431,-0.984279284407006,2120.15625
1000,0.05,0.7,1.3,0.75,19,2,62,392.3905531554489,5.619542980652652,-0.985678699613274,2088.390625
1000,0.05,0.7,1.3,0.5,9,1,62,381.32797887831566,3.7983008114037062,-0.990039281086647,2034.71875
1000,0.05,0.7,1.5,1,15,1,64,435.0375804034289,4.233200307812376,-0.990269345687591,2096.59375
1000,0.05,0.7,1.5,0.9,15,1,64,435.0375804034289,3.425539805727398,-0.992125876108103,2023.828125
1000,0.05,0.7,1.5,0.8,15,1,64,435.0375804034289,2.874965728611896,-0.99339145430621,1980.078125
1000,0.05,0.7,1.5,0.75,15,1,64,435.0375804034289,2.660566768153702,-0.993884282903361,2021.84375
1000,0.05,0.7,1.5,0.5,15,1,64,435.0375804034289,1.9351565660132457,-0.995551748508212,1942.453125
1000,0.05,0.7,1.7,1,15,1,64,435.0375804034289,3.4279930749076435,-0.99212023689602,2174.953125
1000,0.05,0.7,1.7,0.9,15,1,64,435.0375804034289,2.7793497124440014,-0.993611242252068,1995.34375
1000,0.05,0.7,1.7,0.8,15,1,64,435.0375804034289,2.337093110755809,-0.994627836269711,2070.421875
1000,0.05,0.7,1.7,0.75,15,1,64,435.0375804034289,2.1648458845553953,-0.995023772699021,2062.046875
1000,0.05,0.7,1.7,0.5,15,1,64,435.0375804034289,1.5818558675409438,-0.996363863861889,2097.125
1000,0.05,0.7,2,1,15,1,64,435.0375804034289,3.3341508276873295,-0.992335947564356,2000.21875
1000,0.05,0.7,2,0.9,15,1,64,435.0375804034289,2.7033655264128313,-0.993785903452511,1981.453125
1000,0.05,0.7,2,0.8,15,1,64,435.0375804034289,2.2732846391804498,-0.994774509739888,2097.34375
1000,0.05,0.7,2,0.75,15,1,64,435.0375804034289,2.1057794515216024,-0.995159545872867,2077.9375
1000,0.05,0.7,2,0.5,15,1,64,435.0375804034289,1.5388388163691689,-0.996462745092177,2069.46875
